ISO-10303-21;
HEADER;
FILE_DESCRIPTION (( 'STEP AP203' ),
    '1' );
FILE_NAME ('Noha3.STEP',
    '2026-09-04T10:54:19',
    ( '' ),
    ( '' ),
    'SwSTEP 2.0',
    'SolidWorks 2026',
    '' );
FILE_SCHEMA (( 'CONFIG_CONTROL_DESIGN' ));
ENDSEC;

DATA;
#1 = ORIENTED_EDGE ( 'NONE', *, *, #1760, .T. ) ;
#2 = DIRECTION ( 'NONE',  ( 0.000000000000000000, 0.000000000000000000, -1.000000000000000000 ) ) ;
#3 = FACE_OUTER_BOUND ( 'NONE', #228, .T. ) ;
#4 = VECTOR ( 'NONE', #86, 1000.000000000000000 ) ;
#5 = DIRECTION ( 'NONE',  ( 0.000000000000000000, 0.000000000000000000, -1.000000000000000000 ) ) ;
#6 = EDGE_CURVE ( 'NONE', #1375, #43, #140, .T. ) ;
#7 = VERTEX_POINT ( 'NONE', #1013 ) ;
#8 = CARTESIAN_POINT ( 'NONE',  ( 2.000000000000000000, 2.000000000000001776, -2.000000000000000000 ) ) ;
#9 = CIRCLE ( 'NONE', #2337, 4.999999999999997335 ) ;
#10 = CARTESIAN_POINT ( 'NONE',  ( 70.00000000000000000, 71.11937485112767376, -37.50000000000001421 ) ) ;
#11 = AXIS2_PLACEMENT_3D ( 'NONE', #73, #2133, #416 ) ;
#12 = VERTEX_POINT ( 'NONE', #1766 ) ;
#13 = CIRCLE ( 'NONE', #1388, 4.999999999999993783 ) ;
#14 = CIRCLE ( 'NONE', #2261, 4.999999999999241496 ) ;
#15 = VERTEX_POINT ( 'NONE', #36 ) ;
#16 = CARTESIAN_POINT ( 'NONE',  ( 83.64409174676691805, 65.65356062294907247, -30.67795353267761627 ) ) ;
#17 = AXIS2_PLACEMENT_3D ( 'NONE', #1538, #411, #226 ) ;
#18 = DIRECTION ( 'NONE',  ( 1.000000000000000000, -0.000000000000000000, -0.000000000000000000 ) ) ;
#19 = CARTESIAN_POINT ( 'NONE',  ( 70.00000000000000000, 51.34387319738516453, -69.71864294445815347 ) ) ;
#20 = AXIS2_PLACEMENT_3D ( 'NONE', #410, #1576, #1186 ) ;
#21 = ORIENTED_EDGE ( 'NONE', *, *, #177, .F. ) ;
#22 = DIRECTION ( 'NONE',  ( -1.000000000000000000, 0.000000000000000000, 0.000000000000000000 ) ) ;
#23 = CARTESIAN_POINT ( 'NONE',  ( 110.0000000000000000, 19.34643937705121530, -59.32204646732241571 ) ) ;
#24 = VERTEX_POINT ( 'NONE', #2312 ) ;
#25 = ORIENTED_EDGE ( 'NONE', *, *, #509, .F. ) ;
#26 = EDGE_CURVE ( 'NONE', #1434, #2076, #77, .T. ) ;
#27 = EDGE_LOOP ( 'NONE', ( #1349, #78, #280, #2295 ) ) ;
#28 = PLANE ( 'NONE',  #1430 ) ;
#29 = LINE ( 'NONE', #791, #1351 ) ;
#30 = CARTESIAN_POINT ( 'NONE',  ( 0.000000000000000000, 85.00000000000000000, 0.000000000000000000 ) ) ;
#31 = CARTESIAN_POINT ( 'NONE',  ( 70.00000000000000000, 51.34387319738516453, -69.71864294445815347 ) ) ;
#32 = ORIENTED_EDGE ( 'NONE', *, *, #1653, .F. ) ;
#33 = FACE_BOUND ( 'NONE', #1715, .T. ) ;
#34 = DIRECTION ( 'NONE',  ( -1.000000000000000000, 0.000000000000000000, 1.713307136767216850E-16 ) ) ;
#35 = ORIENTED_EDGE ( 'NONE', *, *, #734, .F. ) ;
#36 = CARTESIAN_POINT ( 'NONE',  ( 83.64409174676691805, 51.34387319738507216, -20.28135705554222312 ) ) ;
#37 = ADVANCED_FACE ( 'NONE', ( #66 ), #618, .F. ) ;
#38 = ORIENTED_EDGE ( 'NONE', *, *, #2238, .F. ) ;
#39 = LINE ( 'NONE', #420, #1191 ) ;
#40 = FACE_OUTER_BOUND ( 'NONE', #1108, .T. ) ;
#41 = DIRECTION ( 'NONE',  ( 1.000000000000000000, 0.000000000000000000, -1.713307136767216850E-16 ) ) ;
#42 = CARTESIAN_POINT ( 'NONE',  ( 57.00000000000001421, 85.00000000000000000, -2.000000000000000000 ) ) ;
#43 = VERTEX_POINT ( 'NONE', #817 ) ;
#44 = DIRECTION ( 'NONE',  ( -1.000000000000000000, 0.000000000000000000, 1.713307136767216850E-16 ) ) ;
#45 = DIRECTION ( 'NONE',  ( 1.000000000000000000, -0.000000000000000000, -0.000000000000000000 ) ) ;
#46 = ORIENTED_EDGE ( 'NONE', *, *, #1924, .T. ) ;
#47 = VERTEX_POINT ( 'NONE', #2283 ) ;
#48 = EDGE_CURVE ( 'NONE', #1160, #1112, #1639, .T. ) ;
#49 = EDGE_CURVE ( 'NONE', #934, #2411, #1391, .T. ) ;
#50 = CIRCLE ( 'NONE', #2254, 4.999999999999993783 ) ;
#51 = AXIS2_PLACEMENT_3D ( 'NONE', #1103, #2020, #1114 ) ;
#52 = ORIENTED_EDGE ( 'NONE', *, *, #1105, .F. ) ;
#53 = PLANE ( 'NONE',  #484 ) ;
#54 = CARTESIAN_POINT ( 'NONE',  ( 70.00000000000000000, 51.34387319738507216, -10.28135705554221424 ) ) ;
#55 = CIRCLE ( 'NONE', #1431, 4.999999999999935163 ) ;
#56 = DIRECTION ( 'NONE',  ( 0.000000000000000000, 0.000000000000000000, -1.000000000000000000 ) ) ;
#57 = AXIS2_PLACEMENT_3D ( 'NONE', #1588, #255, #2290 ) ;
#58 = CARTESIAN_POINT ( 'NONE',  ( 87.64409174676691805, 65.65356062294907247, -30.67795353267761627 ) ) ;
#59 = VECTOR ( 'NONE', #211, 1000.000000000000000 ) ;
#60 = EDGE_LOOP ( 'NONE', ( #1295, #762 ) ) ;
#61 = FACE_BOUND ( 'NONE', #1738, .T. ) ;
#62 = CARTESIAN_POINT ( 'NONE',  ( 106.0000000000000000, 13.88062514887305987, -37.50000000000122924 ) ) ;
#63 = VECTOR ( 'NONE', #1749, 1000.000000000000000 ) ;
#64 = CIRCLE ( 'NONE', #1316, 4.999999999999241496 ) ;
#65 = ORIENTED_EDGE ( 'NONE', *, *, #2272, .T. ) ;
#66 = FACE_OUTER_BOUND ( 'NONE', #1406, .T. ) ;
#67 = ORIENTED_EDGE ( 'NONE', *, *, #386, .F. ) ;
#68 = CARTESIAN_POINT ( 'NONE',  ( 106.0000000000000000, 51.34387319738507216, -20.28135705554222312 ) ) ;
#69 = CARTESIAN_POINT ( 'NONE',  ( 83.64409174676690384, 71.11937485112767376, -37.50000000000001421 ) ) ;
#70 = FACE_OUTER_BOUND ( 'NONE', #287, .T. ) ;
#71 = DIRECTION ( 'NONE',  ( -8.566535683836084249E-17, 0.000000000000000000, -1.000000000000000000 ) ) ;
#72 = FACE_OUTER_BOUND ( 'NONE', #2406, .T. ) ;
#73 = CARTESIAN_POINT ( 'NONE',  ( 70.00000000000000000, 65.65356062294878825, -59.32204646732279230 ) ) ;
#74 = EDGE_CURVE ( 'NONE', #904, #777, #2211, .T. ) ;
#75 = ADVANCED_FACE ( 'NONE', ( #2347 ), #149, .F. ) ;
#76 = VERTEX_POINT ( 'NONE', #1075 ) ;
#77 = LINE ( 'NONE', #827, #1004 ) ;
#78 = ORIENTED_EDGE ( 'NONE', *, *, #2435, .T. ) ;
#79 = DIRECTION ( 'NONE',  ( 1.000000000000000000, 0.000000000000000000, -1.713307136767216850E-16 ) ) ;
#80 = COORDINATED_UNIVERSAL_TIME_OFFSET ( 2, 0, .AHEAD. ) ;
#81 = LINE ( 'NONE', #885, #839 ) ;
#82 = DIRECTION ( 'NONE',  ( 0.000000000000000000, -1.000000000000000000, 0.000000000000000000 ) ) ;
#83 = EDGE_CURVE ( 'NONE', #611, #2411, #1313, .T. ) ;
#84 = CARTESIAN_POINT ( 'NONE',  ( 2.000000000000000000, 2.000000000000001776, -83.00000000000000000 ) ) ;
#85 = CC_DESIGN_PERSON_AND_ORGANIZATION_ASSIGNMENT ( #459, #286, ( #856 ) ) ;
#86 = DIRECTION ( 'NONE',  ( 1.000000000000000000, -0.000000000000000000, -0.000000000000000000 ) ) ;
#87 = EDGE_LOOP ( 'NONE', ( #2092, #1491, #2061, #1978 ) ) ;
#88 = ORIENTED_EDGE ( 'NONE', *, *, #1377, .F. ) ;
#89 = ORIENTED_EDGE ( 'NONE', *, *, #1411, .F. ) ;
#90 = CARTESIAN_POINT ( 'NONE',  ( 59.00000000000001421, 2.000000000000001776, -83.00000000000000000 ) ) ;
#91 = VECTOR ( 'NONE', #314, 1000.000000000000000 ) ;
#92 = FACE_BOUND ( 'NONE', #1584, .T. ) ;
#93 = DIRECTION ( 'NONE',  ( 0.000000000000000000, 0.000000000000000000, -1.000000000000000000 ) ) ;
#94 = DIRECTION ( 'NONE',  ( 0.000000000000000000, 0.000000000000000000, 1.000000000000000000 ) ) ;
#95 = VECTOR ( 'NONE', #898, 1000.000000000000000 ) ;
#96 = DIRECTION ( 'NONE',  ( 0.000000000000000000, 0.000000000000000000, 1.000000000000000000 ) ) ;
#97 = CIRCLE ( 'NONE', #294, 5.000000000000004441 ) ;
#98 = VERTEX_POINT ( 'NONE', #1247 ) ;
#99 = DIRECTION ( 'NONE',  ( 1.000000000000000000, 0.000000000000000000, 0.000000000000000000 ) ) ;
#100 = CIRCLE ( 'NONE', #1481, 4.999999999999657163 ) ;
#101 = ORIENTED_EDGE ( 'NONE', *, *, #2272, .F. ) ;
#102 = EDGE_CURVE ( 'NONE', #176, #1908, #1405, .T. ) ;
#103 = DIRECTION ( 'NONE',  ( 0.000000000000000000, 0.000000000000000000, -1.000000000000000000 ) ) ;
#104 = CALENDAR_DATE ( 2026, 4, 9 ) ;
#105 = EDGE_CURVE ( 'NONE', #125, #295, #516, .T. ) ;
#106 = EDGE_LOOP ( 'NONE', ( #667, #1558, #1606, #1170 ) ) ;
#107 = DIRECTION ( 'NONE',  ( 0.000000000000000000, 0.000000000000000000, 1.000000000000000000 ) ) ;
#108 = CARTESIAN_POINT ( 'NONE',  ( 0.000000000000000000, 0.000000000000000000, 0.000000000000000000 ) ) ;
#109 = DIRECTION ( 'NONE',  ( 0.000000000000000000, 0.000000000000000000, -1.000000000000000000 ) ) ;
#110 = DIRECTION ( 'NONE',  ( 0.000000000000000000, 0.000000000000000000, -1.000000000000000000 ) ) ;
#111 = ORIENTED_EDGE ( 'NONE', *, *, #2201, .T. ) ;
#112 = DIRECTION ( 'NONE',  ( 1.000000000000000000, 0.000000000000000000, 0.000000000000000000 ) ) ;
#113 = EDGE_LOOP ( 'NONE', ( #1857, #602 ) ) ;
#114 = DIRECTION ( 'NONE',  ( 1.000000000000000000, -0.000000000000000000, -0.000000000000000000 ) ) ;
#115 = EDGE_CURVE ( 'NONE', #262, #2063, #1594, .T. ) ;
#116 = APPROVAL_DATE_TIME ( #2167, #1985 ) ;
#117 = ORIENTED_EDGE ( 'NONE', *, *, #1902, .F. ) ;
#118 = DIRECTION ( 'NONE',  ( -1.000000000000000000, 0.000000000000000000, 1.713307136767216850E-16 ) ) ;
#119 = DIRECTION ( 'NONE',  ( 0.000000000000000000, -0.000000000000000000, -1.000000000000000000 ) ) ;
#120 = CARTESIAN_POINT ( 'NONE',  ( 83.64409174676690384, 13.88062514887305987, -42.49999999999976552 ) ) ;
#121 = DIRECTION ( 'NONE',  ( 0.000000000000000000, 0.000000000000000000, -1.000000000000000000 ) ) ;
#122 = EDGE_LOOP ( 'NONE', ( #1315, #1817 ) ) ;
#123 = CARTESIAN_POINT ( 'NONE',  ( 70.00000000000000000, 19.34643937705121530, -59.32204646732241571 ) ) ;
#124 = AXIS2_PLACEMENT_3D ( 'NONE', #400, #1142, #728 ) ;
#125 = VERTEX_POINT ( 'NONE', #2189 ) ;
#126 = EDGE_CURVE ( 'NONE', #860, #1182, #1133, .T. ) ;
#127 = EDGE_CURVE ( 'NONE', #176, #1276, #1826, .T. ) ;
#128 = ORIENTED_EDGE ( 'NONE', *, *, #154, .F. ) ;
#129 = AXIS2_PLACEMENT_3D ( 'NONE', #1813, #676, #121 ) ;
#130 = FACE_BOUND ( 'NONE', #2322, .T. ) ;
#131 = FACE_OUTER_BOUND ( 'NONE', #1926, .T. ) ;
#132 = VECTOR ( 'NONE', #969, 1000.000000000000000 ) ;
#133 = DIRECTION ( 'NONE',  ( -1.000000000000000000, 0.000000000000000000, 1.713307136767216850E-16 ) ) ;
#134 = ADVANCED_FACE ( 'NONE', ( #1815 ), #1218, .F. ) ;
#135 = DIRECTION ( 'NONE',  ( 1.000000000000000000, 0.000000000000000000, -1.713307136767216850E-16 ) ) ;
#136 = AXIS2_PLACEMENT_3D ( 'NONE', #1197, #1957, #646 ) ;
#137 = ORIENTED_EDGE ( 'NONE', *, *, #1924, .F. ) ;
#138 = CARTESIAN_POINT ( 'NONE',  ( 0.000000000000000000, 85.00000000000000000, 0.000000000000000000 ) ) ;
#139 = EDGE_LOOP ( 'NONE', ( #1064, #418 ) ) ;
#140 = CIRCLE ( 'NONE', #1090, 5.000000000000004441 ) ;
#141 = CIRCLE ( 'NONE', #2269, 37.50000000000000711 ) ;
#142 = VERTEX_POINT ( 'NONE', #281 ) ;
#143 = CARTESIAN_POINT ( 'NONE',  ( 87.64409174676690384, 2.000000000000001776, -83.00000000000000000 ) ) ;
#144 = DIRECTION ( 'NONE',  ( 0.000000000000000000, 0.000000000000000000, -1.000000000000000000 ) ) ;
#145 = DIRECTION ( 'NONE',  ( 0.000000000000000000, 0.000000000000000000, -1.000000000000000000 ) ) ;
#146 = LINE ( 'NONE', #2356, #1429 ) ;
#147 = ADVANCED_FACE ( 'NONE', ( #707 ), #2026, .F. ) ;
#148 = ORIENTED_EDGE ( 'NONE', *, *, #1411, .T. ) ;
#149 = CYLINDRICAL_SURFACE ( 'NONE', #893, 4.999999999999997335 ) ;
#150 = VERTEX_POINT ( 'NONE', #2004 ) ;
#151 = ORIENTED_EDGE ( 'NONE', *, *, #2079, .F. ) ;
#152 = CARTESIAN_POINT ( 'NONE',  ( 87.64409174676691805, 65.65356062294907247, -25.67795353267761982 ) ) ;
#153 = CARTESIAN_POINT ( 'NONE',  ( 87.64409174676690384, 2.000000000000001776, -83.00000000000000000 ) ) ;
#154 = EDGE_CURVE ( 'NONE', #574, #12, #494, .T. ) ;
#155 = FACE_OUTER_BOUND ( 'NONE', #1686, .T. ) ;
#156 = EDGE_CURVE ( 'NONE', #357, #1988, #2194, .T. ) ;
#157 = ORIENTED_EDGE ( 'NONE', *, *, #1711, .F. ) ;
#158 = EDGE_CURVE ( 'NONE', #142, #125, #1047, .T. ) ;
#159 = DIRECTION ( 'NONE',  ( 0.000000000000000000, 0.000000000000000000, -1.000000000000000000 ) ) ;
#160 = CARTESIAN_POINT ( 'NONE',  ( 2.000000000000000000, 2.000000000000001776, -83.00000000000000000 ) ) ;
#161 = ORIENTED_EDGE ( 'NONE', *, *, #943, .T. ) ;
#162 = EDGE_LOOP ( 'NONE', ( #1545, #628, #2369, #983 ) ) ;
#163 = DIRECTION ( 'NONE',  ( -1.000000000000000000, 0.000000000000000000, 1.713307136767216850E-16 ) ) ;
#164 = CARTESIAN_POINT ( 'NONE',  ( 110.0000000000000000, 33.65612680261510548, -15.28135705554188561 ) ) ;
#165 = CARTESIAN_POINT ( 'NONE',  ( 59.00000000000001421, 43.61936315012827237, -80.01314744071343910 ) ) ;
#166 = CIRCLE ( 'NONE', #2097, 4.999999999998810729 ) ;
#167 = AXIS2_PLACEMENT_3D ( 'NONE', #1693, #1650, #374 ) ;
#168 = ORIENTED_EDGE ( 'NONE', *, *, #1724, .F. ) ;
#169 = CARTESIAN_POINT ( 'NONE',  ( 2.000000000000000000, 85.00000000000000000, -2.000000000000000000 ) ) ;
#170 = AXIS2_PLACEMENT_3D ( 'NONE', #479, #1657, #716 ) ;
#171 = DIRECTION ( 'NONE',  ( 0.000000000000000000, 0.000000000000000000, -1.000000000000000000 ) ) ;
#172 = ORIENTED_EDGE ( 'NONE', *, *, #1533, .T. ) ;
#173 = VECTOR ( 'NONE', #907, 1000.000000000000000 ) ;
#174 = VECTOR ( 'NONE', #1003, 1000.000000000000000 ) ;
#175 = EDGE_CURVE ( 'NONE', #1796, #802, #1445, .T. ) ;
#176 = VERTEX_POINT ( 'NONE', #138 ) ;
#177 = EDGE_CURVE ( 'NONE', #891, #883, #376, .T. ) ;
#178 = AXIS2_PLACEMENT_3D ( 'NONE', #1971, #268, #2342 ) ;
#179 = DIRECTION ( 'NONE',  ( 0.000000000000000000, 0.000000000000000000, -1.000000000000000000 ) ) ;
#180 = DIRECTION ( 'NONE',  ( 1.713307136767216850E-16, 0.000000000000000000, 1.000000000000000000 ) ) ;
#181 = EDGE_CURVE ( 'NONE', #1619, #2246, #477, .T. ) ;
#182 = DIRECTION ( 'NONE',  ( 1.000000000000000000, 0.000000000000000000, -1.713307136767216850E-16 ) ) ;
#183 = ORIENTED_EDGE ( 'NONE', *, *, #6, .F. ) ;
#184 = CARTESIAN_POINT ( 'NONE',  ( 57.00000000000000711, 2.000000000000001776, -83.00000000000000000 ) ) ;
#185 = DIRECTION ( 'NONE',  ( -1.000000000000000000, 0.000000000000000000, 1.713307136767216850E-16 ) ) ;
#186 = VERTEX_POINT ( 'NONE', #1050 ) ;
#187 = ORIENTED_EDGE ( 'NONE', *, *, #381, .T. ) ;
#188 = EDGE_CURVE ( 'NONE', #1081, #547, #1161, .T. ) ;
#189 = FACE_OUTER_BOUND ( 'NONE', #1912, .T. ) ;
#190 = FACE_BOUND ( 'NONE', #560, .T. ) ;
#191 = CARTESIAN_POINT ( 'NONE',  ( 70.00000000000000000, 33.65612680261466494, -69.71864294445799715 ) ) ;
#192 = VERTEX_POINT ( 'NONE', #1141 ) ;
#193 = CARTESIAN_POINT ( 'NONE',  ( 57.00000000000001421, 43.61936315012826526, -42.51314744071344620 ) ) ;
#194 = CARTESIAN_POINT ( 'NONE',  ( 110.0000000000000000, 19.34643937705148176, -25.67795353267722547 ) ) ;
#195 = ORIENTED_EDGE ( 'NONE', *, *, #820, .F. ) ;
#196 = VERTEX_POINT ( 'NONE', #1502 ) ;
#197 = CARTESIAN_POINT ( 'NONE',  ( 83.64409174676690384, 33.65612680261466494, -74.71864294445722976 ) ) ;
#198 = DIRECTION ( 'NONE',  ( 0.000000000000000000, 0.000000000000000000, -1.000000000000000000 ) ) ;
#199 = CARTESIAN_POINT ( 'NONE',  ( 70.00000000000000000, 19.34643937705121530, -64.32204646732122910 ) ) ;
#200 = EDGE_LOOP ( 'NONE', ( #318, #313 ) ) ;
#201 = ADVANCED_FACE ( 'NONE', ( #2048 ), #1322, .F. ) ;
#202 = FACE_BOUND ( 'NONE', #1181, .T. ) ;
#203 = AXIS2_PLACEMENT_3D ( 'NONE', #1117, #1294, #1880 ) ;
#204 = DIRECTION ( 'NONE',  ( 0.000000000000000000, 0.000000000000000000, -1.000000000000000000 ) ) ;
#205 = ORIENTED_EDGE ( 'NONE', *, *, #1209, .F. ) ;
#206 = ORIENTED_EDGE ( 'NONE', *, *, #1097, .F. ) ;
#207 = CIRCLE ( 'NONE', #600, 4.999999999998613553 ) ;
#208 = EDGE_LOOP ( 'NONE', ( #499, #89, #974, #2009 ) ) ;
#209 = AXIS2_PLACEMENT_3D ( 'NONE', #2354, #1820, #144 ) ;
#210 = CARTESIAN_POINT ( 'NONE',  ( 87.64409174676690384, 2.000000000000001776, -83.00000000000000000 ) ) ;
#211 = DIRECTION ( 'NONE',  ( -0.000000000000000000, 1.000000000000000000, -0.000000000000000000 ) ) ;
#212 = VECTOR ( 'NONE', #2207, 1000.000000000000000 ) ;
#213 = PLANE ( 'NONE',  #810 ) ;
#214 = DIRECTION ( 'NONE',  ( 1.000000000000000000, -0.000000000000000000, -0.000000000000000000 ) ) ;
#215 = ORIENTED_EDGE ( 'NONE', *, *, #2187, .F. ) ;
#216 = FACE_OUTER_BOUND ( 'NONE', #1012, .T. ) ;
#217 = EDGE_CURVE ( 'NONE', #2016, #1000, #1698, .T. ) ;
#218 = DIRECTION ( 'NONE',  ( 1.000000000000000000, 0.000000000000000000, 0.000000000000000000 ) ) ;
#219 = VERTEX_POINT ( 'NONE', #1872 ) ;
#220 = ORIENTED_EDGE ( 'NONE', *, *, #2405, .T. ) ;
#221 = ADVANCED_BREP_SHAPE_REPRESENTATION ( 'Noha3', ( #632, #1159 ), #691 ) ;
#222 = ORIENTED_EDGE ( 'NONE', *, *, #102, .F. ) ;
#223 = CARTESIAN_POINT ( 'NONE',  ( 87.64409174676690384, 33.65612680261466494, -64.71864294445875032 ) ) ;
#224 =( NAMED_UNIT ( * ) SI_UNIT ( $, .STERADIAN. ) SOLID_ANGLE_UNIT ( ) );
#225 = FACE_BOUND ( 'NONE', #837, .T. ) ;
#226 = DIRECTION ( 'NONE',  ( 0.000000000000000000, 0.000000000000000000, -1.000000000000000000 ) ) ;
#227 = VECTOR ( 'NONE', #1063, 1000.000000000000000 ) ;
#228 = EDGE_LOOP ( 'NONE', ( #596, #1268, #665, #1737 ) ) ;
#229 = DIRECTION ( 'NONE',  ( 1.000000000000000000, 0.000000000000000000, 0.000000000000000000 ) ) ;
#230 = EDGE_CURVE ( 'NONE', #2169, #1325, #539, .T. ) ;
#231 = EDGE_CURVE ( 'NONE', #1254, #2169, #2221, .T. ) ;
#232 = FACE_OUTER_BOUND ( 'NONE', #672, .T. ) ;
#233 = CC_DESIGN_PERSON_AND_ORGANIZATION_ASSIGNMENT ( #681, #1027, ( #1867 ) ) ;
#234 = EDGE_LOOP ( 'NONE', ( #1703, #388 ) ) ;
#235 = ORIENTED_EDGE ( 'NONE', *, *, #903, .F. ) ;
#236 = ORIENTED_EDGE ( 'NONE', *, *, #718, .T. ) ;
#237 = DIRECTION ( 'NONE',  ( 1.000000000000000000, 0.000000000000000000, 0.000000000000000000 ) ) ;
#238 = DIRECTION ( 'NONE',  ( 1.000000000000000000, 0.000000000000000000, -1.713307136767216850E-16 ) ) ;
#239 = FACE_OUTER_BOUND ( 'NONE', #1539, .T. ) ;
#240 = AXIS2_PLACEMENT_3D ( 'NONE', #194, #1323, #1688 ) ;
#241 = VERTEX_POINT ( 'NONE', #759 ) ;
#242 = DIRECTION ( 'NONE',  ( -1.000000000000000000, 0.000000000000000000, 1.713307136767216850E-16 ) ) ;
#243 = DIRECTION ( 'NONE',  ( 1.000000000000000000, 0.000000000000000000, 0.000000000000000000 ) ) ;
#244 = ORIENTED_EDGE ( 'NONE', *, *, #487, .T. ) ;
#245 = VERTEX_POINT ( 'NONE', #354 ) ;
#246 = CIRCLE ( 'NONE', #1942, 4.999999999999997335 ) ;
#247 = VECTOR ( 'NONE', #533, 1000.000000000000000 ) ;
#248 = ORIENTED_EDGE ( 'NONE', *, *, #2075, .T. ) ;
#249 = CARTESIAN_POINT ( 'NONE',  ( 2.000000000000000000, 2.000000000000001776, -83.00000000000000000 ) ) ;
#250 = AXIS2_PLACEMENT_3D ( 'NONE', #1407, #1585, #346 ) ;
#251 = EDGE_CURVE ( 'NONE', #802, #1796, #1562, .T. ) ;
#252 = FACE_BOUND ( 'NONE', #1345, .T. ) ;
#253 = EDGE_CURVE ( 'NONE', #2112, #339, #141, .T. ) ;
#254 = AXIS2_PLACEMENT_3D ( 'NONE', #2390, #1059, #93 ) ;
#255 = DIRECTION ( 'NONE',  ( 1.000000000000000000, -0.000000000000000000, -0.000000000000000000 ) ) ;
#256 = CARTESIAN_POINT ( 'NONE',  ( 59.00000000000001421, 2.000000000000001776, -83.00000000000000000 ) ) ;
#257 = AXIS2_PLACEMENT_3D ( 'NONE', #466, #2370, #1228 ) ;
#258 = CARTESIAN_POINT ( 'NONE',  ( 106.0000000000000000, 85.00000000000000000, -83.00000000000000000 ) ) ;
#259 = AXIS2_PLACEMENT_3D ( 'NONE', #1590, #1402, #1627 ) ;
#260 = EDGE_LOOP ( 'NONE', ( #629, #417, #1165, #1459 ) ) ;
#261 = ORIENTED_EDGE ( 'NONE', *, *, #158, .F. ) ;
#262 = VERTEX_POINT ( 'NONE', #169 ) ;
#263 = DIRECTION ( 'NONE',  ( 0.000000000000000000, 0.000000000000000000, -1.000000000000000000 ) ) ;
#264 = CYLINDRICAL_SURFACE ( 'NONE', #1043, 37.50000000000000711 ) ;
#265 = EDGE_CURVE ( 'NONE', #1701, #937, #366, .T. ) ;
#266 = FACE_OUTER_BOUND ( 'NONE', #1748, .T. ) ;
#267 = CARTESIAN_POINT ( 'NONE',  ( 59.00000000000002132, 85.00000000000000000, -2.000000000000002220 ) ) ;
#268 = DIRECTION ( 'NONE',  ( -1.000000000000000000, 0.000000000000000000, 1.713307136767216850E-16 ) ) ;
#269 = FACE_OUTER_BOUND ( 'NONE', #208, .T. ) ;
#270 = ORIENTED_EDGE ( 'NONE', *, *, #1788, .F. ) ;
#271 = ORIENTED_EDGE ( 'NONE', *, *, #1488, .F. ) ;
#272 = EDGE_LOOP ( 'NONE', ( #1840, #1266, #505, #1331 ) ) ;
#273 = DIRECTION ( 'NONE',  ( 0.000000000000000000, 0.000000000000000000, -1.000000000000000000 ) ) ;
#274 = APPROVAL_STATUS ( 'not_yet_approved' ) ;
#275 = LINE ( 'NONE', #2196, #2413 ) ;
#276 = DIRECTION ( 'NONE',  ( 1.000000000000000000, -0.000000000000000000, -0.000000000000000000 ) ) ;
#277 = DIRECTION ( 'NONE',  ( -0.000000000000000000, 1.000000000000000000, -0.000000000000000000 ) ) ;
#278 = CARTESIAN_POINT ( 'NONE',  ( 59.00000000000001421, 2.000000000000001776, -83.00000000000000000 ) ) ;
#279 = EDGE_CURVE ( 'NONE', #1325, #2063, #923, .T. ) ;
#280 = ORIENTED_EDGE ( 'NONE', *, *, #1775, .F. ) ;
#281 = CARTESIAN_POINT ( 'NONE',  ( 83.64409174676690384, 51.34387319738516453, -64.71864294445849453 ) ) ;
#282 = EDGE_CURVE ( 'NONE', #1519, #150, #345, .T. ) ;
#283 = ORIENTED_EDGE ( 'NONE', *, *, #1959, .T. ) ;
#284 = LINE ( 'NONE', #1419, #686 ) ;
#285 = AXIS2_PLACEMENT_3D ( 'NONE', #1489, #1708, #1662 ) ;
#286 = PERSON_AND_ORGANIZATION_ROLE ( 'creator' ) ;
#287 = EDGE_LOOP ( 'NONE', ( #1125, #1689, #222, #248 ) ) ;
#288 = VECTOR ( 'NONE', #862, 1000.000000000000000 ) ;
#289 = CARTESIAN_POINT ( 'NONE',  ( 106.0000000000000000, 2.000000000000001776, -2.000000000000000000 ) ) ;
#290 = DIRECTION ( 'NONE',  ( 0.000000000000000000, -0.000000000000000000, -1.000000000000000000 ) ) ;
#291 = CARTESIAN_POINT ( 'NONE',  ( 110.0000000000000000, 19.34643937705148176, -20.67795353267861103 ) ) ;
#292 = AXIS2_PLACEMENT_3D ( 'NONE', #2424, #2044, #1304 ) ;
#293 = DIRECTION ( 'NONE',  ( -1.000000000000000000, 0.000000000000000000, 1.713307136767216850E-16 ) ) ;
#294 = AXIS2_PLACEMENT_3D ( 'NONE', #2127, #446, #1564 ) ;
#295 = VERTEX_POINT ( 'NONE', #1656 ) ;
#296 = ADVANCED_FACE ( 'NONE', ( #2437 ), #2428, .F. ) ;
#297 = DIRECTION ( 'NONE',  ( 1.000000000000000000, -0.000000000000000000, -0.000000000000000000 ) ) ;
#298 = AXIS2_PLACEMENT_3D ( 'NONE', #1382, #594, #1342 ) ;
#299 = VECTOR ( 'NONE', #1277, 1000.000000000000000 ) ;
#300 = EDGE_LOOP ( 'NONE', ( #1195, #347, #2123, #589 ) ) ;
#301 = CYLINDRICAL_SURFACE ( 'NONE', #562, 4.999999999998613553 ) ;
#302 = EDGE_LOOP ( 'NONE', ( #444, #1553, #733, #995 ) ) ;
#303 = LINE ( 'NONE', #1421, #757 ) ;
#304 = LINE ( 'NONE', #462, #95 ) ;
#305 = CARTESIAN_POINT ( 'NONE',  ( 0.000000000000000000, 2.000000000000001776, 0.000000000000000000 ) ) ;
#306 = CARTESIAN_POINT ( 'NONE',  ( 110.0000000000000000, 85.00000000000000000, -85.00000000000000000 ) ) ;
#307 = ORIENTED_EDGE ( 'NONE', *, *, #1697, .F. ) ;
#308 = ADVANCED_FACE ( 'NONE', ( #1678 ), #2244, .F. ) ;
#309 = EDGE_CURVE ( 'NONE', #1158, #550, #64, .T. ) ;
#310 = DIRECTION ( 'NONE',  ( 1.000000000000000000, -0.000000000000000000, -0.000000000000000000 ) ) ;
#311 = ORIENTED_EDGE ( 'NONE', *, *, #775, .T. ) ;
#312 = ORIENTED_EDGE ( 'NONE', *, *, #126, .F. ) ;
#313 = ORIENTED_EDGE ( 'NONE', *, *, #2345, .F. ) ;
#314 = DIRECTION ( 'NONE',  ( 1.000000000000000000, 0.000000000000000000, 0.000000000000000000 ) ) ;
#315 = DIRECTION ( 'NONE',  ( 0.000000000000000000, 0.000000000000000000, 1.000000000000000000 ) ) ;
#316 = CARTESIAN_POINT ( 'NONE',  ( 59.00000000000002132, 2.000000000000001776, -2.000000000000002220 ) ) ;
#317 = DIRECTION ( 'NONE',  ( 1.000000000000000000, -0.000000000000000000, -0.000000000000000000 ) ) ;
#318 = ORIENTED_EDGE ( 'NONE', *, *, #83, .F. ) ;
#319 = DIRECTION ( 'NONE',  ( 0.000000000000000000, 0.000000000000000000, -1.000000000000000000 ) ) ;
#320 = CIRCLE ( 'NONE', #2136, 4.999999999998817835 ) ;
#321 = EDGE_LOOP ( 'NONE', ( #2220, #752, #1832, #1658 ) ) ;
#322 = COORDINATED_UNIVERSAL_TIME_OFFSET ( 2, 0, .AHEAD. ) ;
#323 = ORIENTED_EDGE ( 'NONE', *, *, #1440, .T. ) ;
#324 = EDGE_CURVE ( 'NONE', #2439, #1561, #572, .T. ) ;
#325 = CIRCLE ( 'NONE', #1302, 4.999999999998943068 ) ;
#326 = DIRECTION ( 'NONE',  ( -1.000000000000000000, 0.000000000000000000, 0.000000000000000000 ) ) ;
#327 = CYLINDRICAL_SURFACE ( 'NONE', #2265, 17.00000000000000000 ) ;
#328 = AXIS2_PLACEMENT_3D ( 'NONE', #1555, #243, #1403 ) ;
#329 = CIRCLE ( 'NONE', #2222, 4.999999999998540723 ) ;
#330 = CARTESIAN_POINT ( 'NONE',  ( 70.00000000000000000, 33.65612680261466494, -69.71864294445799715 ) ) ;
#331 = EDGE_CURVE ( 'NONE', #1325, #1648, #1120, .T. ) ;
#332 = DIRECTION ( 'NONE',  ( -0.000000000000000000, -1.000000000000000000, -0.000000000000000000 ) ) ;
#333 = AXIS2_PLACEMENT_3D ( 'NONE', #1849, #79, #273 ) ;
#334 = ORIENTED_EDGE ( 'NONE', *, *, #743, .F. ) ;
#335 = CARTESIAN_POINT ( 'NONE',  ( 87.64409174676690384, 85.00000000000000000, -83.00000000000000000 ) ) ;
#336 = AXIS2_PLACEMENT_3D ( 'NONE', #702, #863, #872 ) ;
#337 = EDGE_LOOP ( 'NONE', ( #857, #1542, #640, #2031 ) ) ;
#338 = AXIS2_PLACEMENT_3D ( 'NONE', #965, #1944, #56 ) ;
#339 = VERTEX_POINT ( 'NONE', #1664 ) ;
#340 = EDGE_CURVE ( 'NONE', #828, #2025, #2412, .T. ) ;
#341 = CARTESIAN_POINT ( 'NONE',  ( 83.64409174676691805, 19.34643937705148176, -30.67795353267583991 ) ) ;
#342 = CARTESIAN_POINT ( 'NONE',  ( 2.000000000000000000, 42.50000000000014211, -42.50000000000000711 ) ) ;
#343 = CARTESIAN_POINT ( 'NONE',  ( 59.00000000000001421, 43.61936315012827237, -80.01314744071343910 ) ) ;
#344 = EDGE_LOOP ( 'NONE', ( #215, #579, #705, #1398 ) ) ;
#345 = LINE ( 'NONE', #902, #1838 ) ;
#346 = DIRECTION ( 'NONE',  ( 0.000000000000000000, 0.000000000000000000, -1.000000000000000000 ) ) ;
#347 = ORIENTED_EDGE ( 'NONE', *, *, #2367, .T. ) ;
#348 = EDGE_LOOP ( 'NONE', ( #1480, #1270, #323, #1119 ) ) ;
#349 = PRODUCT ( 'Noha3', 'Noha3', '', ( #1327 ) ) ;
#350 = DIRECTION ( 'NONE',  ( 1.000000000000000000, -0.000000000000000000, -0.000000000000000000 ) ) ;
#351 = DIRECTION ( 'NONE',  ( -1.000000000000000000, 0.000000000000000000, 1.713307136767216850E-16 ) ) ;
#352 = DIRECTION ( 'NONE',  ( 0.000000000000000000, 0.000000000000000000, -1.000000000000000000 ) ) ;
#353 = EDGE_LOOP ( 'NONE', ( #1729, #747 ) ) ;
#354 = CARTESIAN_POINT ( 'NONE',  ( 106.0000000000000000, 19.34643937705148176, -20.67795353267861103 ) ) ;
#355 = CARTESIAN_POINT ( 'NONE',  ( 106.0000000000000000, 65.65356062294878825, -59.32204646732279230 ) ) ;
#356 = ADVANCED_FACE ( 'NONE', ( #1310 ), #2072, .F. ) ;
#357 = VERTEX_POINT ( 'NONE', #624 ) ;
#358 = EDGE_CURVE ( 'NONE', #2291, #1875, #2153, .T. ) ;
#359 = VERTEX_POINT ( 'NONE', #1947 ) ;
#360 = CARTESIAN_POINT ( 'NONE',  ( 83.64409174676690384, 13.88062514887305987, -42.49999999999976552 ) ) ;
#361 = DIRECTION ( 'NONE',  ( 1.000000000000000000, 0.000000000000000000, -1.713307136767216850E-16 ) ) ;
#362 = CARTESIAN_POINT ( 'NONE',  ( 106.0000000000000000, 85.00000000000000000, -2.000000000000000000 ) ) ;
#363 = AXIS2_PLACEMENT_3D ( 'NONE', #1675, #2242, #737 ) ;
#364 = CIRCLE ( 'NONE', #559, 4.999999999998613553 ) ;
#365 = ORIENTED_EDGE ( 'NONE', *, *, #718, .F. ) ;
#366 = LINE ( 'NONE', #1110, #698 ) ;
#367 = AXIS2_PLACEMENT_3D ( 'NONE', #1220, #458, #2336 ) ;
#368 = DIRECTION ( 'NONE',  ( 1.000000000000000000, 0.000000000000000000, -1.713307136767216850E-16 ) ) ;
#369 = ADVANCED_FACE ( 'NONE', ( #216 ), #2130, .F. ) ;
#370 = ORIENTED_EDGE ( 'NONE', *, *, #2345, .T. ) ;
#371 = AXIS2_PLACEMENT_3D ( 'NONE', #1759, #1147, #2089 ) ;
#372 = EDGE_LOOP ( 'NONE', ( #88, #312 ) ) ;
#373 = AXIS2_PLACEMENT_3D ( 'NONE', #1961, #1020, #109 ) ;
#374 = DIRECTION ( 'NONE',  ( 0.000000000000000000, 0.000000000000000000, -1.000000000000000000 ) ) ;
#375 = CARTESIAN_POINT ( 'NONE',  ( 59.00000000000001421, 43.61936315012826526, -5.013147440713440872 ) ) ;
#376 = CIRCLE ( 'NONE', #1009, 4.999999999999935163 ) ;
#377 = FACE_OUTER_BOUND ( 'NONE', #2393, .T. ) ;
#378 = VERTEX_POINT ( 'NONE', #1372 ) ;
#379 = CARTESIAN_POINT ( 'NONE',  ( 80.00000000000000000, 42.50000000000014211, -42.50000000000000711 ) ) ;
#380 = CARTESIAN_POINT ( 'NONE',  ( 70.00000000000000000, 33.65612680261466494, -74.71864294445722976 ) ) ;
#381 = EDGE_CURVE ( 'NONE', #1914, #1176, #2231, .T. ) ;
#382 = ORIENTED_EDGE ( 'NONE', *, *, #1546, .F. ) ;
#383 = ORIENTED_EDGE ( 'NONE', *, *, #2376, .F. ) ;
#384 = DIRECTION ( 'NONE',  ( 1.000000000000000000, -0.000000000000000000, -0.000000000000000000 ) ) ;
#385 = FACE_BOUND ( 'NONE', #692, .T. ) ;
#386 = EDGE_CURVE ( 'NONE', #24, #378, #100, .T. ) ;
#387 = LINE ( 'NONE', #343, #1666 ) ;
#388 = ORIENTED_EDGE ( 'NONE', *, *, #1300, .T. ) ;
#389 = DIRECTION ( 'NONE',  ( -1.000000000000000000, 0.000000000000000000, 0.000000000000000000 ) ) ;
#390 = DIRECTION ( 'NONE',  ( 1.000000000000000000, 0.000000000000000000, 0.000000000000000000 ) ) ;
#391 = ORIENTED_EDGE ( 'NONE', *, *, #282, .F. ) ;
#392 = ORIENTED_EDGE ( 'NONE', *, *, #1178, .T. ) ;
#393 = CARTESIAN_POINT ( 'NONE',  ( 59.00000000000002132, 85.00000000000000000, -2.000000000000002220 ) ) ;
#394 = EDGE_CURVE ( 'NONE', #840, #828, #2292, .T. ) ;
#395 = DIRECTION ( 'NONE',  ( -1.713307136767216850E-16, 0.000000000000000000, -1.000000000000000000 ) ) ;
#396 = DIRECTION ( 'NONE',  ( 1.000000000000000000, -0.000000000000000000, -0.000000000000000000 ) ) ;
#397 = ORIENTED_EDGE ( 'NONE', *, *, #127, .T. ) ;
#398 = CARTESIAN_POINT ( 'NONE',  ( 110.0000000000000000, 51.34387319738516453, -69.71864294445815347 ) ) ;
#399 = AXIS2_PLACEMENT_3D ( 'NONE', #724, #573, #2080 ) ;
#400 = CARTESIAN_POINT ( 'NONE',  ( 106.0000000000000000, 33.65612680261466494, -69.71864294445799715 ) ) ;
#401 = EDGE_LOOP ( 'NONE', ( #21, #1321, #518, #677 ) ) ;
#402 = ORIENTED_EDGE ( 'NONE', *, *, #1888, .T. ) ;
#403 = CIRCLE ( 'NONE', #1786, 4.999999999998540723 ) ;
#404 = ORIENTED_EDGE ( 'NONE', *, *, #1500, .T. ) ;
#405 = AXIS2_PLACEMENT_3D ( 'NONE', #688, #276, #1439 ) ;
#406 = CARTESIAN_POINT ( 'NONE',  ( 87.64409174676690384, 2.000000000000001776, -83.00000000000000000 ) ) ;
#407 =( LENGTH_UNIT ( ) NAMED_UNIT ( * ) SI_UNIT ( .MILLI., .METRE. ) );
#408 = VECTOR ( 'NONE', #1339, 1000.000000000000000 ) ;
#409 = EDGE_CURVE ( 'NONE', #1098, #1290, #412, .T. ) ;
#410 = CARTESIAN_POINT ( 'NONE',  ( 87.64409174676691805, 33.65612680261510548, -15.28135705554188561 ) ) ;
#411 = DIRECTION ( 'NONE',  ( 1.000000000000000000, 0.000000000000000000, -1.713307136767216850E-16 ) ) ;
#412 = CIRCLE ( 'NONE', #813, 4.999999999998810729 ) ;
#413 = ADVANCED_FACE ( 'NONE', ( #2319 ), #2329, .F. ) ;
#414 = ORIENTED_EDGE ( 'NONE', *, *, #231, .F. ) ;
#415 = DIRECTION ( 'NONE',  ( 1.000000000000000000, 0.000000000000000000, 0.000000000000000000 ) ) ;
#416 = DIRECTION ( 'NONE',  ( 0.000000000000000000, 0.000000000000000000, -1.000000000000000000 ) ) ;
#417 = ORIENTED_EDGE ( 'NONE', *, *, #1520, .T. ) ;
#418 = ORIENTED_EDGE ( 'NONE', *, *, #1711, .T. ) ;
#419 = VERTEX_POINT ( 'NONE', #2307 ) ;
#420 = CARTESIAN_POINT ( 'NONE',  ( 80.00000000000000000, 42.50000000000014211, -24.00000000000000355 ) ) ;
#421 = DIRECTION ( 'NONE',  ( 1.000000000000000000, -0.000000000000000000, -0.000000000000000000 ) ) ;
#422 = DIRECTION ( 'NONE',  ( 1.000000000000000000, -0.000000000000000000, -0.000000000000000000 ) ) ;
#423 = CARTESIAN_POINT ( 'NONE',  ( 70.00000000000000000, 51.34387319738507216, -15.28135705554221957 ) ) ;
#424 = ORIENTED_EDGE ( 'NONE', *, *, #1178, .F. ) ;
#425 = DIRECTION ( 'NONE',  ( 1.000000000000000000, -0.000000000000000000, -0.000000000000000000 ) ) ;
#426 = CARTESIAN_POINT ( 'NONE',  ( 70.00000000000000000, 51.34387319738507216, -20.28135705554222312 ) ) ;
#427 = ORIENTED_EDGE ( 'NONE', *, *, #1598, .F. ) ;
#428 = CARTESIAN_POINT ( 'NONE',  ( 59.00000000000001421, 43.61936315012826526, -42.51314744071344620 ) ) ;
#429 = EDGE_CURVE ( 'NONE', #1988, #357, #569, .T. ) ;
#430 = EDGE_CURVE ( 'NONE', #1908, #1655, #968, .T. ) ;
#431 = EDGE_LOOP ( 'NONE', ( #909, #1353 ) ) ;
#432 = CARTESIAN_POINT ( 'NONE',  ( 87.64409174676690384, 19.34643937705121530, -54.32204646732360231 ) ) ;
#433 = CARTESIAN_POINT ( 'NONE',  ( 59.00000000000001421, 43.61936315012826526, -42.51314744071344620 ) ) ;
#434 = DIRECTION ( 'NONE',  ( 0.000000000000000000, 0.000000000000000000, -1.000000000000000000 ) ) ;
#435 = CARTESIAN_POINT ( 'NONE',  ( 106.0000000000000000, 33.65612680261510548, -15.28135705554188561 ) ) ;
#436 = FACE_BOUND ( 'NONE', #1739, .T. ) ;
#437 = DIRECTION ( 'NONE',  ( 1.000000000000000000, -0.000000000000000000, -0.000000000000000000 ) ) ;
#438 = ORIENTED_EDGE ( 'NONE', *, *, #2334, .T. ) ;
#439 = ORIENTED_EDGE ( 'NONE', *, *, #1726, .T. ) ;
#440 = AXIS2_PLACEMENT_3D ( 'NONE', #865, #2173, #2401 ) ;
#441 = ADVANCED_FACE ( 'NONE', ( #597, #1722, #451, #202, #33, #785, #1540, #1385, #61, #1763, #436, #72 ), #1346, .F. ) ;
#442 = CIRCLE ( 'NONE', #328, 4.999999999998817835 ) ;
#443 = AXIS2_PLACEMENT_3D ( 'NONE', #1810, #118, #471 ) ;
#444 = ORIENTED_EDGE ( 'NONE', *, *, #381, .F. ) ;
#445 = DIRECTION ( 'NONE',  ( 1.000000000000000000, -0.000000000000000000, -0.000000000000000000 ) ) ;
#446 = DIRECTION ( 'NONE',  ( 1.000000000000000000, 0.000000000000000000, 0.000000000000000000 ) ) ;
#447 = CIRCLE ( 'NONE', #136, 4.999999999998943068 ) ;
#448 = FACE_BOUND ( 'NONE', #431, .T. ) ;
#449 = CIRCLE ( 'NONE', #649, 4.999999999998941291 ) ;
#450 = CYLINDRICAL_SURFACE ( 'NONE', #1595, 4.999999999998943068 ) ;
#451 = FACE_BOUND ( 'NONE', #1734, .T. ) ;
#452 = LINE ( 'NONE', #786, #2027 ) ;
#453 = AXIS2_PLACEMENT_3D ( 'NONE', #330, #1652, #145 ) ;
#454 = AXIS2_PLACEMENT_3D ( 'NONE', #1267, #1630, #1417 ) ;
#455 = ORIENTED_EDGE ( 'NONE', *, *, #1822, .F. ) ;
#456 = VERTEX_POINT ( 'NONE', #1166 ) ;
#457 = ORIENTED_EDGE ( 'NONE', *, *, #1022, .F. ) ;
#458 = DIRECTION ( 'NONE',  ( 1.000000000000000000, -0.000000000000000000, -0.000000000000000000 ) ) ;
#459 = PERSON_AND_ORGANIZATION ( #1993, #2420 ) ;
#460 = CARTESIAN_POINT ( 'NONE',  ( 87.64409174676691805, 51.34387319738507216, -15.28135705554221957 ) ) ;
#461 = ADVANCED_FACE ( 'NONE', ( #823 ), #1579, .F. ) ;
#462 = CARTESIAN_POINT ( 'NONE',  ( 70.00000000000000000, 13.88062514887305987, -37.50000000000122924 ) ) ;
#463 = LINE ( 'NONE', #316, #1091 ) ;
#464 = LINE ( 'NONE', #1725, #881 ) ;
#465 = EDGE_LOOP ( 'NONE', ( #438, #1825 ) ) ;
#466 = CARTESIAN_POINT ( 'NONE',  ( 110.0000000000000000, 42.50000000000014211, -42.50000000000000711 ) ) ;
#467 = VERTEX_POINT ( 'NONE', #1554 ) ;
#468 = CARTESIAN_POINT ( 'NONE',  ( 70.00000000000000000, 13.88062514887305987, -42.49999999999976552 ) ) ;
#469 = COORDINATED_UNIVERSAL_TIME_OFFSET ( 2, 0, .AHEAD. ) ;
#470 = ORIENTED_EDGE ( 'NONE', *, *, #2346, .F. ) ;
#471 = DIRECTION ( 'NONE',  ( 0.000000000000000000, 0.000000000000000000, 1.000000000000000000 ) ) ;
#472 = CARTESIAN_POINT ( 'NONE',  ( 0.000000000000000000, 2.000000000000001776, 0.000000000000000000 ) ) ;
#473 = EDGE_CURVE ( 'NONE', #891, #717, #2120, .T. ) ;
#474 = DIRECTION ( 'NONE',  ( -0.000000000000000000, 1.000000000000000000, -0.000000000000000000 ) ) ;
#475 = DIRECTION ( 'NONE',  ( 1.000000000000000000, 0.000000000000000000, 0.000000000000000000 ) ) ;
#476 = ORIENTED_EDGE ( 'NONE', *, *, #2435, .F. ) ;
#477 = LINE ( 'NONE', #1989, #2111 ) ;
#478 = VERTEX_POINT ( 'NONE', #1177 ) ;
#479 = CARTESIAN_POINT ( 'NONE',  ( 83.64409174676690384, 33.65612680261466494, -69.71864294445799715 ) ) ;
#480 = AXIS2_PLACEMENT_3D ( 'NONE', #2232, #536, #1846 ) ;
#481 = APPROVAL_DATE_TIME ( #842, #2348 ) ;
#482 = VECTOR ( 'NONE', #1238, 1000.000000000000000 ) ;
#483 = ORIENTED_EDGE ( 'NONE', *, *, #386, .T. ) ;
#484 = AXIS2_PLACEMENT_3D ( 'NONE', #819, #1574, #1318 ) ;
#485 = DIRECTION ( 'NONE',  ( 0.000000000000000000, 0.000000000000000000, -1.000000000000000000 ) ) ;
#486 = CARTESIAN_POINT ( 'NONE',  ( 87.64409174676690384, 13.88062514887305987, -42.49999999999976552 ) ) ;
#487 = EDGE_CURVE ( 'NONE', #938, #24, #1933, .T. ) ;
#488 = EDGE_CURVE ( 'NONE', #1629, #934, #1045, .T. ) ;
#489 = CARTESIAN_POINT ( 'NONE',  ( 110.0000000000000000, 42.50000000000014211, -61.00000000000001421 ) ) ;
#490 = AXIS2_PLACEMENT_3D ( 'NONE', #822, #82, #2328 ) ;
#491 = PLANE ( 'NONE',  #1631 ) ;
#492 = APPROVAL_PERSON_ORGANIZATION ( #1259, #1985, #1408 ) ;
#493 = EDGE_LOOP ( 'NONE', ( #1366, #1851, #2335, #1617 ) ) ;
#494 = LINE ( 'NONE', #335, #1956 ) ;
#495 = CIRCLE ( 'NONE', #653, 4.999999999998540723 ) ;
#496 = VECTOR ( 'NONE', #748, 1000.000000000000000 ) ;
#497 = EDGE_LOOP ( 'NONE', ( #1870, #1667, #958, #1101 ) ) ;
#498 = SECURITY_CLASSIFICATION_LEVEL ( 'unclassified' ) ;
#499 = ORIENTED_EDGE ( 'NONE', *, *, #473, .F. ) ;
#500 = ORIENTED_EDGE ( 'NONE', *, *, #2405, .F. ) ;
#501 = FACE_BOUND ( 'NONE', #372, .T. ) ;
#502 = DIRECTION ( 'NONE',  ( 1.000000000000000000, 0.000000000000000000, 0.000000000000000000 ) ) ;
#503 = CYLINDRICAL_SURFACE ( 'NONE', #373, 5.000000000000004441 ) ;
#504 = CARTESIAN_POINT ( 'NONE',  ( 110.0000000000000000, 33.65612680261510548, -15.28135705554188561 ) ) ;
#505 = ORIENTED_EDGE ( 'NONE', *, *, #722, .F. ) ;
#506 = CARTESIAN_POINT ( 'NONE',  ( 2.000000000000000000, 85.00000000000000000, -2.000000000000000000 ) ) ;
#507 = ORIENTED_EDGE ( 'NONE', *, *, #763, .T. ) ;
#508 = EDGE_CURVE ( 'NONE', #1254, #2076, #833, .T. ) ;
#509 = EDGE_CURVE ( 'NONE', #295, #1474, #1755, .T. ) ;
#510 = ORIENTED_EDGE ( 'NONE', *, *, #429, .T. ) ;
#511 = CARTESIAN_POINT ( 'NONE',  ( 106.0000000000000000, 65.65356062294878825, -64.32204646732273545 ) ) ;
#512 = DIRECTION ( 'NONE',  ( -1.000000000000000000, 0.000000000000000000, 1.713307136767216850E-16 ) ) ;
#513 = CARTESIAN_POINT ( 'NONE',  ( 57.00000000000000711, 85.00000000000000000, -83.00000000000000000 ) ) ;
#514 = DIRECTION ( 'NONE',  ( 0.000000000000000000, 0.000000000000000000, -1.000000000000000000 ) ) ;
#515 = ORIENTED_EDGE ( 'NONE', *, *, #2260, .T. ) ;
#516 = LINE ( 'NONE', #2202, #1953 ) ;
#517 = EDGE_CURVE ( 'NONE', #1374, #1135, #696, .T. ) ;
#518 = ORIENTED_EDGE ( 'NONE', *, *, #1697, .T. ) ;
#519 = VERTEX_POINT ( 'NONE', #291 ) ;
#520 = VECTOR ( 'NONE', #2068, 1000.000000000000000 ) ;
#521 = DIRECTION ( 'NONE',  ( 1.000000000000000000, -0.000000000000000000, -0.000000000000000000 ) ) ;
#522 = CYLINDRICAL_SURFACE ( 'NONE', #921, 18.50000000000000355 ) ;
#523 = CIRCLE ( 'NONE', #443, 4.999999999998613553 ) ;
#524 = CARTESIAN_POINT ( 'NONE',  ( 110.0000000000000000, 71.11937485112767376, -42.50000000000000711 ) ) ;
#525 = CIRCLE ( 'NONE', #17, 4.999999999998613553 ) ;
#526 = ORIENTED_EDGE ( 'NONE', *, *, #999, .T. ) ;
#527 = DIRECTION ( 'NONE',  ( -1.000000000000000000, -0.000000000000000000, -0.000000000000000000 ) ) ;
#528 = CARTESIAN_POINT ( 'NONE',  ( 87.64409174676691805, 51.34387319738507216, -10.28135705554221424 ) ) ;
#529 = SECURITY_CLASSIFICATION ( '', '', #498 ) ;
#530 = ORIENTED_EDGE ( 'NONE', *, *, #2302, .T. ) ;
#531 = AXIS2_PLACEMENT_3D ( 'NONE', #774, #22, #1189 ) ;
#532 = VERTEX_POINT ( 'NONE', #1046 ) ;
#533 = DIRECTION ( 'NONE',  ( -0.000000000000000000, 1.000000000000000000, -0.000000000000000000 ) ) ;
#534 = CARTESIAN_POINT ( 'NONE',  ( 106.0000000000000000, 13.88062514887305987, -42.49999999999976552 ) ) ;
#535 = EDGE_CURVE ( 'NONE', #2063, #1434, #651, .T. ) ;
#536 = DIRECTION ( 'NONE',  ( -1.000000000000000000, 0.000000000000000000, 1.713307136767216850E-16 ) ) ;
#537 = EDGE_CURVE ( 'NONE', #1853, #2025, #463, .T. ) ;
#538 = ORIENTED_EDGE ( 'NONE', *, *, #2132, .F. ) ;
#539 = LINE ( 'NONE', #8, #299 ) ;
#540 = DIRECTION ( 'NONE',  ( 1.000000000000000000, -0.000000000000000000, -0.000000000000000000 ) ) ;
#541 = ORIENTED_EDGE ( 'NONE', *, *, #115, .T. ) ;
#542 = ORIENTED_EDGE ( 'NONE', *, *, #154, .T. ) ;
#543 = DIRECTION ( 'NONE',  ( 1.000000000000000000, 0.000000000000000000, -1.713307136767216850E-16 ) ) ;
#544 = DIRECTION ( 'NONE',  ( 0.000000000000000000, 0.000000000000000000, -1.000000000000000000 ) ) ;
#545 = FACE_OUTER_BOUND ( 'NONE', #979, .T. ) ;
#546 = ADVANCED_FACE ( 'NONE', ( #663 ), #1215, .F. ) ;
#547 = VERTEX_POINT ( 'NONE', #703 ) ;
#548 = DIRECTION ( 'NONE',  ( 0.000000000000000000, 0.000000000000000000, -1.000000000000000000 ) ) ;
#549 = DIRECTION ( 'NONE',  ( 0.000000000000000000, 0.000000000000000000, -1.000000000000000000 ) ) ;
#550 = VERTEX_POINT ( 'NONE', #874 ) ;
#551 = VECTOR ( 'NONE', #1121, 1000.000000000000000 ) ;
#552 = ORIENTED_EDGE ( 'NONE', *, *, #722, .T. ) ;
#553 = CARTESIAN_POINT ( 'NONE',  ( 0.000000000000000000, 42.50000000000014211, -42.50000000000000711 ) ) ;
#554 = CARTESIAN_POINT ( 'NONE',  ( 2.000000000000000000, 2.000000000000001776, -2.000000000000000000 ) ) ;
#555 = EDGE_CURVE ( 'NONE', #339, #2112, #2422, .T. ) ;
#556 = DIRECTION ( 'NONE',  ( 0.000000000000000000, 0.000000000000000000, -1.000000000000000000 ) ) ;
#557 = ADVANCED_FACE ( 'NONE', ( #689 ), #503, .F. ) ;
#558 = AXIS2_PLACEMENT_3D ( 'NONE', #524, #475, #1426 ) ;
#559 = AXIS2_PLACEMENT_3D ( 'NONE', #2285, #1705, #1915 ) ;
#560 = EDGE_LOOP ( 'NONE', ( #46, #585 ) ) ;
#561 = CARTESIAN_POINT ( 'NONE',  ( 83.64409174676690384, 33.65612680261466494, -69.71864294445799715 ) ) ;
#562 = AXIS2_PLACEMENT_3D ( 'NONE', #869, #1976, #263 ) ;
#563 = DIRECTION ( 'NONE',  ( 0.000000000000000000, 0.000000000000000000, -1.000000000000000000 ) ) ;
#564 = ORIENTED_EDGE ( 'NONE', *, *, #1879, .T. ) ;
#565 = CIRCLE ( 'NONE', #1438, 4.999999999998943068 ) ;
#566 = EDGE_CURVE ( 'NONE', #378, #24, #2069, .T. ) ;
#567 = ORIENTED_EDGE ( 'NONE', *, *, #1246, .F. ) ;
#568 = VECTOR ( 'NONE', #666, 1000.000000000000000 ) ;
#569 = CIRCLE ( 'NONE', #1869, 18.50000000000000711 ) ;
#570 = DIRECTION ( 'NONE',  ( 0.000000000000000000, 0.000000000000000000, -1.000000000000000000 ) ) ;
#571 = FACE_BOUND ( 'NONE', #2113, .T. ) ;
#572 = CIRCLE ( 'NONE', #2310, 4.999999999999997335 ) ;
#573 = DIRECTION ( 'NONE',  ( 1.000000000000000000, 0.000000000000000000, 0.000000000000000000 ) ) ;
#574 = VERTEX_POINT ( 'NONE', #2198 ) ;
#575 = DIRECTION ( 'NONE',  ( 1.000000000000000000, -0.000000000000000000, -0.000000000000000000 ) ) ;
#576 = DIRECTION ( 'NONE',  ( 0.000000000000000000, 0.000000000000000000, -1.000000000000000000 ) ) ;
#577 = VERTEX_POINT ( 'NONE', #1799 ) ;
#578 = EDGE_CURVE ( 'NONE', #577, #1531, #1413, .T. ) ;
#579 = ORIENTED_EDGE ( 'NONE', *, *, #809, .F. ) ;
#580 = LINE ( 'NONE', #210, #1943 ) ;
#581 = DIRECTION ( 'NONE',  ( 1.000000000000000000, 0.000000000000000000, 0.000000000000000000 ) ) ;
#582 = EDGE_CURVE ( 'NONE', #2212, #47, #1560, .T. ) ;
#583 = FACE_BOUND ( 'NONE', #1623, .T. ) ;
#584 = CARTESIAN_POINT ( 'NONE',  ( 106.0000000000000000, 65.65356062294907247, -25.67795353267761982 ) ) ;
#585 = ORIENTED_EDGE ( 'NONE', *, *, #853, .T. ) ;
#586 = DIRECTION ( 'NONE',  ( -0.000000000000000000, 1.000000000000000000, -0.000000000000000000 ) ) ;
#587 = CARTESIAN_POINT ( 'NONE',  ( 110.0000000000000000, 65.65356062294907247, -20.67795353267762692 ) ) ;
#588 = VERTEX_POINT ( 'NONE', #864 ) ;
#589 = ORIENTED_EDGE ( 'NONE', *, *, #1621, .F. ) ;
#590 = EDGE_CURVE ( 'NONE', #934, #1629, #1005, .T. ) ;
#591 = ADVANCED_FACE ( 'NONE', ( #1424 ), #1821, .F. ) ;
#592 = ORIENTED_EDGE ( 'NONE', *, *, #1153, .T. ) ;
#593 = DIRECTION ( 'NONE',  ( 1.000000000000000000, -0.000000000000000000, -0.000000000000000000 ) ) ;
#594 = DIRECTION ( 'NONE',  ( 0.000000000000000000, 0.000000000000000000, -1.000000000000000000 ) ) ;
#595 = DIRECTION ( 'NONE',  ( 1.000000000000000000, 0.000000000000000000, 0.000000000000000000 ) ) ;
#596 = ORIENTED_EDGE ( 'NONE', *, *, #1128, .T. ) ;
#597 = FACE_BOUND ( 'NONE', #234, .T. ) ;
#598 = VECTOR ( 'NONE', #2426, 1000.000000000000000 ) ;
#599 = DIRECTION ( 'NONE',  ( -1.000000000000000000, -0.000000000000000000, -0.000000000000000000 ) ) ;
#600 = AXIS2_PLACEMENT_3D ( 'NONE', #701, #1624, #2389 ) ;
#601 = ORIENTED_EDGE ( 'NONE', *, *, #1136, .T. ) ;
#602 = ORIENTED_EDGE ( 'NONE', *, *, #158, .T. ) ;
#603 = VECTOR ( 'NONE', #2206, 1000.000000000000000 ) ;
#604 = EDGE_LOOP ( 'NONE', ( #679, #644, #244, #483 ) ) ;
#605 = AXIS2_PLACEMENT_3D ( 'NONE', #1798, #502, #1463 ) ;
#606 = FACE_OUTER_BOUND ( 'NONE', #1677, .T. ) ;
#607 = LINE ( 'NONE', #621, #408 ) ;
#608 = AXIS2_PLACEMENT_3D ( 'NONE', #1526, #1550, #2303 ) ;
#609 = DIRECTION ( 'NONE',  ( -1.000000000000000000, 0.000000000000000000, 1.713307136767216850E-16 ) ) ;
#610 = CARTESIAN_POINT ( 'NONE',  ( 106.0000000000000000, 71.11937485112767376, -47.50000000000000711 ) ) ;
#611 = VERTEX_POINT ( 'NONE', #489 ) ;
#612 = ADVANCED_FACE ( 'NONE', ( #1242 ), #1454, .T. ) ;
#613 = CARTESIAN_POINT ( 'NONE',  ( 70.00000000000000000, 65.65356062294878825, -54.32204646732286335 ) ) ;
#614 = DIRECTION ( 'NONE',  ( 0.000000000000000000, 0.000000000000000000, -1.000000000000000000 ) ) ;
#615 = EDGE_CURVE ( 'NONE', #1301, #76, #495, .T. ) ;
#616 = ADVANCED_FACE ( 'NONE', ( #2022 ), #2217, .F. ) ;
#617 = ORIENTED_EDGE ( 'NONE', *, *, #1835, .F. ) ;
#618 = CYLINDRICAL_SURFACE ( 'NONE', #1442, 37.50000000000000711 ) ;
#619 = ORIENTED_EDGE ( 'NONE', *, *, #1078, .F. ) ;
#620 = DIRECTION ( 'NONE',  ( 1.000000000000000000, -0.000000000000000000, -0.000000000000000000 ) ) ;
#621 = CARTESIAN_POINT ( 'NONE',  ( 70.00000000000000000, 33.65612680261510548, -20.28135705554083046 ) ) ;
#622 = DIRECTION ( 'NONE',  ( 1.000000000000000000, 0.000000000000000000, -1.713307136767216850E-16 ) ) ;
#623 = PLANE ( 'NONE',  #2102 ) ;
#624 = CARTESIAN_POINT ( 'NONE',  ( 87.64409174676690384, 42.50000000000014211, -24.00000000000000355 ) ) ;
#625 = EDGE_CURVE ( 'NONE', #1963, #627, #1954, .T. ) ;
#626 = DIRECTION ( 'NONE',  ( -1.000000000000000000, -0.000000000000000000, -0.000000000000000000 ) ) ;
#627 = VERTEX_POINT ( 'NONE', #899 ) ;
#628 = ORIENTED_EDGE ( 'NONE', *, *, #26, .F. ) ;
#629 = ORIENTED_EDGE ( 'NONE', *, *, #1852, .F. ) ;
#630 = DIRECTION ( 'NONE',  ( 1.000000000000000000, -0.000000000000000000, -0.000000000000000000 ) ) ;
#631 = CARTESIAN_POINT ( 'NONE',  ( 2.000000000000000000, 2.000000000000001776, -83.00000000000000000 ) ) ;
#632 = MANIFOLD_SOLID_BREP ( 'Cut-Extrude5', #766 ) ;
#633 = PLANE ( 'NONE',  #730 ) ;
#634 = DIRECTION ( 'NONE',  ( -1.000000000000000000, 0.000000000000000000, 1.713307136767216850E-16 ) ) ;
#635 = AXIS2_PLACEMENT_3D ( 'NONE', #2438, #1334, #204 ) ;
#636 = DIRECTION ( 'NONE',  ( 1.000000000000000000, 0.000000000000000000, 0.000000000000000000 ) ) ;
#637 = EDGE_CURVE ( 'NONE', #1350, #1144, #1714, .T. ) ;
#638 = DIRECTION ( 'NONE',  ( 1.000000000000000000, -0.000000000000000000, -0.000000000000000000 ) ) ;
#639 = ORIENTED_EDGE ( 'NONE', *, *, #555, .F. ) ;
#640 = ORIENTED_EDGE ( 'NONE', *, *, #887, .T. ) ;
#641 = CIRCLE ( 'NONE', #2024, 4.999999999999993783 ) ;
#642 = CIRCLE ( 'NONE', #1508, 4.999999999999935163 ) ;
#643 = CIRCLE ( 'NONE', #994, 4.999999999999657163 ) ;
#644 = ORIENTED_EDGE ( 'NONE', *, *, #2054, .F. ) ;
#645 = ADVANCED_FACE ( 'NONE', ( #2144, #448, #1707, #1329, #1903, #2327, #583, #225, #1200, #252, #977, #793 ), #213, .F. ) ;
#646 = DIRECTION ( 'NONE',  ( 0.000000000000000000, 0.000000000000000000, -1.000000000000000000 ) ) ;
#647 = ORIENTED_EDGE ( 'NONE', *, *, #49, .F. ) ;
#648 = CARTESIAN_POINT ( 'NONE',  ( 87.64409174676690384, 65.65356062294878825, -54.32204646732286335 ) ) ;
#649 = AXIS2_PLACEMENT_3D ( 'NONE', #1383, #634, #1747 ) ;
#650 = DIRECTION ( 'NONE',  ( 0.000000000000000000, 0.000000000000000000, -1.000000000000000000 ) ) ;
#651 = LINE ( 'NONE', #513, #1443 ) ;
#652 = CARTESIAN_POINT ( 'NONE',  ( 110.0000000000000000, 65.65356062294907247, -25.67795353267761982 ) ) ;
#653 = AXIS2_PLACEMENT_3D ( 'NONE', #120, #1837, #1464 ) ;
#654 = ORIENTED_EDGE ( 'NONE', *, *, #578, .T. ) ;
#655 = CARTESIAN_POINT ( 'NONE',  ( 0.000000000000000000, 85.00000000000000000, 0.000000000000000000 ) ) ;
#656 = EDGE_LOOP ( 'NONE', ( #592, #1801, #1237, #1014 ) ) ;
#657 = CARTESIAN_POINT ( 'NONE',  ( 106.0000000000000000, 33.65612680261510548, -10.28135705554294432 ) ) ;
#658 = EDGE_CURVE ( 'NONE', #2243, #192, #2034, .T. ) ;
#659 = APPROVAL_ROLE ( '' ) ;
#660 = ORIENTED_EDGE ( 'NONE', *, *, #566, .F. ) ;
#661 = CARTESIAN_POINT ( 'NONE',  ( 80.00000000000000000, 42.50000000000014211, -61.00000000000001421 ) ) ;
#662 = PLANE ( 'NONE',  #1790 ) ;
#663 = FACE_OUTER_BOUND ( 'NONE', #1636, .T. ) ;
#664 = CYLINDRICAL_SURFACE ( 'NONE', #1384, 17.00000000000000000 ) ;
#665 = ORIENTED_EDGE ( 'NONE', *, *, #1760, .F. ) ;
#666 = DIRECTION ( 'NONE',  ( 1.000000000000000000, 0.000000000000000000, 0.000000000000000000 ) ) ;
#667 = ORIENTED_EDGE ( 'NONE', *, *, #1850, .T. ) ;
#668 = ADVANCED_FACE ( 'NONE', ( #1006 ), #1761, .F. ) ;
#669 = DIRECTION ( 'NONE',  ( 0.000000000000000000, 0.000000000000000000, -1.000000000000000000 ) ) ;
#670 = ADVANCED_FACE ( 'NONE', ( #70 ), #821, .F. ) ;
#671 = APPROVAL ( #1433, 'UNSPECIFIED' ) ;
#672 = EDGE_LOOP ( 'NONE', ( #35, #271, #726, #2086 ) ) ;
#673 = LINE ( 'NONE', #1222, #288 ) ;
#674 = CYLINDRICAL_SURFACE ( 'NONE', #1395, 4.999999999999241496 ) ;
#675 = CARTESIAN_POINT ( 'NONE',  ( 70.00000000000000000, 51.34387319738516453, -74.71864294445781240 ) ) ;
#676 = DIRECTION ( 'NONE',  ( 1.000000000000000000, 0.000000000000000000, -1.713307136767216850E-16 ) ) ;
#677 = ORIENTED_EDGE ( 'NONE', *, *, #836, .F. ) ;
#678 = CARTESIAN_POINT ( 'NONE',  ( 110.0000000000000000, 19.34643937705121530, -59.32204646732241571 ) ) ;
#679 = ORIENTED_EDGE ( 'NONE', *, *, #1682, .F. ) ;
#680 = VECTOR ( 'NONE', #599, 1000.000000000000000 ) ;
#681 = PERSON_AND_ORGANIZATION ( #1993, #2420 ) ;
#682 = ORIENTED_EDGE ( 'NONE', *, *, #1802, .F. ) ;
#683 = AXIS2_PLACEMENT_3D ( 'NONE', #710, #897, #1083 ) ;
#684 = ORIENTED_EDGE ( 'NONE', *, *, #2106, .F. ) ;
#685 = PRODUCT_DEFINITION_SHAPE ( 'NONE', 'NONE',  #856 ) ;
#686 = VECTOR ( 'NONE', #445, 1000.000000000000000 ) ;
#687 = FACE_BOUND ( 'NONE', #1496, .T. ) ;
#688 = CARTESIAN_POINT ( 'NONE',  ( 70.00000000000000000, 19.34643937705121530, -59.32204646732241571 ) ) ;
#689 = FACE_OUTER_BOUND ( 'NONE', #300, .T. ) ;
#690 = CARTESIAN_POINT ( 'NONE',  ( 83.64409174676690384, 71.11937485112767376, -42.50000000000000711 ) ) ;
#691 =( GEOMETRIC_REPRESENTATION_CONTEXT ( 3 ) GLOBAL_UNCERTAINTY_ASSIGNED_CONTEXT ( ( #2040 ) ) GLOBAL_UNIT_ASSIGNED_CONTEXT ( ( #407, #1741, #224 ) ) REPRESENTATION_CONTEXT ( 'NONE', 'WORKASPACE' ) );
#692 = EDGE_LOOP ( 'NONE', ( #1208, #765 ) ) ;
#693 = CARTESIAN_POINT ( 'NONE',  ( 87.64409174676690384, 42.50000000000014211, -42.50000000000000711 ) ) ;
#694 = AXIS2_PLACEMENT_3D ( 'NONE', #971, #1728, #1572 ) ;
#695 = ADVANCED_FACE ( 'NONE', ( #771, #1163 ), #633, .F. ) ;
#696 = CIRCLE ( 'NONE', #259, 17.00000000000000000 ) ;
#697 = ADVANCED_FACE ( 'NONE', ( #2288 ), #1732, .T. ) ;
#698 = VECTOR ( 'NONE', #527, 1000.000000000000000 ) ;
#699 = ORIENTED_EDGE ( 'NONE', *, *, #331, .F. ) ;
#700 = ORIENTED_EDGE ( 'NONE', *, *, #625, .T. ) ;
#701 = CARTESIAN_POINT ( 'NONE',  ( 110.0000000000000000, 19.34643937705148176, -25.67795353267722547 ) ) ;
#702 = CARTESIAN_POINT ( 'NONE',  ( 106.0000000000000000, 71.11937485112767376, -42.50000000000000711 ) ) ;
#703 = CARTESIAN_POINT ( 'NONE',  ( 106.0000000000000000, 65.65356062294907247, -20.67795353267762692 ) ) ;
#704 = CARTESIAN_POINT ( 'NONE',  ( 70.00000000000000000, 51.34387319738516453, -64.71864294445849453 ) ) ;
#705 = ORIENTED_EDGE ( 'NONE', *, *, #1055, .T. ) ;
#706 = EDGE_CURVE ( 'NONE', #456, #98, #2101, .T. ) ;
#707 = FACE_OUTER_BOUND ( 'NONE', #1447, .T. ) ;
#708 = ORIENTED_EDGE ( 'NONE', *, *, #1850, .F. ) ;
#709 = ORIENTED_EDGE ( 'NONE', *, *, #2079, .T. ) ;
#710 = CARTESIAN_POINT ( 'NONE',  ( 106.0000000000000000, 19.34643937705148176, -25.67795353267722547 ) ) ;
#711 = DIRECTION ( 'NONE',  ( -1.000000000000000000, 0.000000000000000000, 0.000000000000000000 ) ) ;
#712 = CARTESIAN_POINT ( 'NONE',  ( 83.64409174676690384, 42.50000000000014211, -42.50000000000000711 ) ) ;
#713 = DIRECTION ( 'NONE',  ( 0.000000000000000000, 0.000000000000000000, -1.000000000000000000 ) ) ;
#714 = ORIENTED_EDGE ( 'NONE', *, *, #943, .F. ) ;
#715 = CARTESIAN_POINT ( 'NONE',  ( 83.64409174676690384, 71.11937485112767376, -42.50000000000000711 ) ) ;
#716 = DIRECTION ( 'NONE',  ( 0.000000000000000000, 0.000000000000000000, -1.000000000000000000 ) ) ;
#717 = VERTEX_POINT ( 'NONE', #1745 ) ;
#718 = EDGE_CURVE ( 'NONE', #245, #1950, #1676, .T. ) ;
#719 = ORIENTED_EDGE ( 'NONE', *, *, #508, .F. ) ;
#720 = CYLINDRICAL_SURFACE ( 'NONE', #167, 4.999999999998540723 ) ;
#721 = LINE ( 'NONE', #1487, #2191 ) ;
#722 = EDGE_CURVE ( 'NONE', #1112, #1160, #1305, .T. ) ;
#723 = VECTOR ( 'NONE', #620, 1000.000000000000000 ) ;
#724 = CARTESIAN_POINT ( 'NONE',  ( 106.0000000000000000, 71.11937485112767376, -42.50000000000000711 ) ) ;
#725 = CIRCLE ( 'NONE', #605, 4.999999999999241496 ) ;
#726 = ORIENTED_EDGE ( 'NONE', *, *, #1923, .T. ) ;
#727 = CARTESIAN_POINT ( 'NONE',  ( 59.00000000000001421, 85.00000000000000000, -83.00000000000000000 ) ) ;
#728 = DIRECTION ( 'NONE',  ( 0.000000000000000000, 0.000000000000000000, -1.000000000000000000 ) ) ;
#729 = DESIGN_CONTEXT ( 'detailed design', #1774, 'design' ) ;
#730 = AXIS2_PLACEMENT_3D ( 'NONE', #782, #1916, #1537 ) ;
#731 = ORIENTED_EDGE ( 'NONE', *, *, #1682, .T. ) ;
#732 = AXIS2_PLACEMENT_3D ( 'NONE', #1448, #2015, #319 ) ;
#733 = ORIENTED_EDGE ( 'NONE', *, *, #2416, .T. ) ;
#734 = EDGE_CURVE ( 'NONE', #1041, #860, #2117, .T. ) ;
#735 = CARTESIAN_POINT ( 'NONE',  ( 106.0000000000000000, 51.34387319738516453, -69.71864294445815347 ) ) ;
#736 = DIRECTION ( 'NONE',  ( 1.000000000000000000, -0.000000000000000000, -0.000000000000000000 ) ) ;
#737 = DIRECTION ( 'NONE',  ( 0.000000000000000000, 0.000000000000000000, -1.000000000000000000 ) ) ;
#738 = VERTEX_POINT ( 'NONE', #1174 ) ;
#739 = DIRECTION ( 'NONE',  ( 0.000000000000000000, 0.000000000000000000, -1.000000000000000000 ) ) ;
#740 = CARTESIAN_POINT ( 'NONE',  ( 2.000000000000000000, 2.000000000000001776, -2.000000000000000000 ) ) ;
#741 = ORIENTED_EDGE ( 'NONE', *, *, #555, .T. ) ;
#742 = ORIENTED_EDGE ( 'NONE', *, *, #1167, .F. ) ;
#743 = EDGE_CURVE ( 'NONE', #1144, #1350, #2062, .T. ) ;
#744 = DIRECTION ( 'NONE',  ( 1.000000000000000000, 0.000000000000000000, 0.000000000000000000 ) ) ;
#745 = DIRECTION ( 'NONE',  ( 0.000000000000000000, 0.000000000000000000, -1.000000000000000000 ) ) ;
#746 = CARTESIAN_POINT ( 'NONE',  ( 83.64409174676690384, 65.65356062294878825, -59.32204646732279230 ) ) ;
#747 = ORIENTED_EDGE ( 'NONE', *, *, #2155, .T. ) ;
#748 = DIRECTION ( 'NONE',  ( -8.566535683836084249E-17, -0.000000000000000000, -1.000000000000000000 ) ) ;
#749 = DIRECTION ( 'NONE',  ( 0.000000000000000000, 0.000000000000000000, 1.000000000000000000 ) ) ;
#750 = ORIENTED_EDGE ( 'NONE', *, *, #74, .T. ) ;
#751 = AXIS2_PLACEMENT_3D ( 'NONE', #1859, #2059, #171 ) ;
#752 = ORIENTED_EDGE ( 'NONE', *, *, #537, .F. ) ;
#753 = FACE_OUTER_BOUND ( 'NONE', #2176, .T. ) ;
#754 = DIRECTION ( 'NONE',  ( -0.000000000000000000, 0.000000000000000000, 1.000000000000000000 ) ) ;
#755 = FACE_OUTER_BOUND ( 'NONE', #1337, .T. ) ;
#756 = AXIS2_PLACEMENT_3D ( 'NONE', #1297, #1910, #1483 ) ;
#757 = VECTOR ( 'NONE', #1999, 1000.000000000000000 ) ;
#758 = ORIENTED_EDGE ( 'NONE', *, *, #358, .F. ) ;
#759 = CARTESIAN_POINT ( 'NONE',  ( 87.64409174676690384, 13.88062514887305987, -47.49999999999830891 ) ) ;
#760 = EDGE_CURVE ( 'NONE', #467, #2252, #1344, .T. ) ;
#761 = DIRECTION ( 'NONE',  ( 1.000000000000000000, -0.000000000000000000, -0.000000000000000000 ) ) ;
#762 = ORIENTED_EDGE ( 'NONE', *, *, #1031, .F. ) ;
#763 = EDGE_CURVE ( 'NONE', #1301, #241, #1369, .T. ) ;
#764 = AXIS2_PLACEMENT_3D ( 'NONE', #966, #1931, #2103 ) ;
#765 = ORIENTED_EDGE ( 'NONE', *, *, #2289, .T. ) ;
#766 = CLOSED_SHELL ( 'NONE', ( #1179, #296, #984, #134, #1030, #2006, #973, #1901, #1423, #1449, #2008, #1458, #1226, #2168, #2131, #1107, #942, #1746, #557, #1231, #37, #2085, #369, #356, #1743, #670, #926, #697, #1198, #2121, #461, #441, #413, #2228, #612, #591, #645, #2316, #1255, #2190, #1056, #1982, #2213, #695, #2035, #668, #2257, #1670, #2419, #1938, #1970, #1201, #546, #1803, #616, #2415, #1271, #1260, #1925, #308, #2046, #75, #1514, #201, #1890, #1490, #147, #2164, #1860 ) ) ;
#767 = AXIS2_PLACEMENT_3D ( 'NONE', #1984, #133, #1071 ) ;
#768 = CARTESIAN_POINT ( 'NONE',  ( 106.0000000000000000, 71.11937485112767376, -37.50000000000001421 ) ) ;
#769 = DIRECTION ( 'NONE',  ( 1.000000000000000000, 0.000000000000000000, 0.000000000000000000 ) ) ;
#770 = VECTOR ( 'NONE', #1288, 1000.000000000000000 ) ;
#771 = FACE_BOUND ( 'NONE', #2205, .T. ) ;
#772 = CARTESIAN_POINT ( 'NONE',  ( 110.0000000000000000, 85.00000000000000000, 0.000000000000000000 ) ) ;
#773 = ORIENTED_EDGE ( 'NONE', *, *, #1007, .F. ) ;
#774 = CARTESIAN_POINT ( 'NONE',  ( 59.00000000000001421, 43.61936315012826526, -42.51314744071344620 ) ) ;
#775 = EDGE_CURVE ( 'NONE', #1158, #1112, #303, .T. ) ;
#776 = LINE ( 'NONE', #936, #1185 ) ;
#777 = VERTEX_POINT ( 'NONE', #2353 ) ;
#778 = ORIENTED_EDGE ( 'NONE', *, *, #2364, .F. ) ;
#779 = ORIENTED_EDGE ( 'NONE', *, *, #1775, .T. ) ;
#780 = FACE_OUTER_BOUND ( 'NONE', #2200, .T. ) ;
#781 = CARTESIAN_POINT ( 'NONE',  ( 110.0000000000000000, 42.50000000000014211, -24.00000000000000355 ) ) ;
#782 = CARTESIAN_POINT ( 'NONE',  ( 2.000000000000000000, 2.000000000000001776, -83.00000000000000000 ) ) ;
#783 = CYLINDRICAL_SURFACE ( 'NONE', #1556, 4.999999999999657163 ) ;
#784 = ORIENTED_EDGE ( 'NONE', *, *, #230, .T. ) ;
#785 = FACE_BOUND ( 'NONE', #1895, .T. ) ;
#786 = CARTESIAN_POINT ( 'NONE',  ( 70.00000000000000000, 65.65356062294907247, -30.67795353267761627 ) ) ;
#787 = ORIENTED_EDGE ( 'NONE', *, *, #253, .T. ) ;
#788 = EDGE_LOOP ( 'NONE', ( #1709, #1171, #2396, #2195 ) ) ;
#789 = EDGE_LOOP ( 'NONE', ( #619, #1113, #137, #1528 ) ) ;
#790 = DIRECTION ( 'NONE',  ( 1.000000000000000000, -0.000000000000000000, -0.000000000000000000 ) ) ;
#791 = CARTESIAN_POINT ( 'NONE',  ( 70.00000000000000000, 51.34387319738507216, -10.28135705554221424 ) ) ;
#792 = EDGE_CURVE ( 'NONE', #2179, #15, #2028, .T. ) ;
#793 = FACE_OUTER_BOUND ( 'NONE', #2298, .T. ) ;
#794 = EDGE_CURVE ( 'NONE', #2402, #2016, #1602, .T. ) ;
#795 = DIRECTION ( 'NONE',  ( 1.000000000000000000, 0.000000000000000000, -8.566535683836084249E-17 ) ) ;
#796 = ORIENTED_EDGE ( 'NONE', *, *, #1282, .T. ) ;
#797 = DIRECTION ( 'NONE',  ( -1.000000000000000000, 0.000000000000000000, -0.000000000000000000 ) ) ;
#798 = CIRCLE ( 'NONE', #2140, 4.999999999999935163 ) ;
#799 = LINE ( 'NONE', #426, #1941 ) ;
#800 = AXIS2_PLACEMENT_3D ( 'NONE', #2043, #350, #570 ) ;
#801 = ORIENTED_EDGE ( 'NONE', *, *, #230, .F. ) ;
#802 = VERTEX_POINT ( 'NONE', #1069 ) ;
#803 = CIRCLE ( 'NONE', #1987, 5.000000000000004441 ) ;
#804 = VERTEX_POINT ( 'NONE', #648 ) ;
#805 = AXIS2_PLACEMENT_3D ( 'NONE', #2065, #1661, #2409 ) ;
#806 = CYLINDRICAL_SURFACE ( 'NONE', #1512, 4.999999999999657163 ) ;
#807 = DIRECTION ( 'NONE',  ( 1.000000000000000000, -0.000000000000000000, -0.000000000000000000 ) ) ;
#808 = CIRCLE ( 'NONE', #1478, 4.999999999998943068 ) ;
#809 = EDGE_CURVE ( 'NONE', #1276, #1461, #831, .T. ) ;
#810 = AXIS2_PLACEMENT_3D ( 'NONE', #2090, #41, #395 ) ;
#811 = CARTESIAN_POINT ( 'NONE',  ( 83.64409174676691805, 33.65612680261510548, -15.28135705554188561 ) ) ;
#812 = CYLINDRICAL_SURFACE ( 'NONE', #57, 4.999999999999993783 ) ;
#813 = AXIS2_PLACEMENT_3D ( 'NONE', #2146, #242, #1362 ) ;
#814 = DIRECTION ( 'NONE',  ( 0.000000000000000000, 0.000000000000000000, -1.000000000000000000 ) ) ;
#815 = LINE ( 'NONE', #278, #915 ) ;
#816 = ORIENTED_EDGE ( 'NONE', *, *, #566, .T. ) ;
#817 = CARTESIAN_POINT ( 'NONE',  ( 110.0000000000000000, 51.34387319738507216, -10.28135705554221424 ) ) ;
#818 = ORIENTED_EDGE ( 'NONE', *, *, #1460, .T. ) ;
#819 = CARTESIAN_POINT ( 'NONE',  ( 0.000000000000000000, 85.00000000000000000, 0.000000000000000000 ) ) ;
#820 = EDGE_CURVE ( 'NONE', #1629, #611, #1017, .T. ) ;
#821 = PLANE ( 'NONE',  #2349 ) ;
#822 = CARTESIAN_POINT ( 'NONE',  ( 0.000000000000000000, 2.000000000000001776, 0.000000000000000000 ) ) ;
#823 = FACE_OUTER_BOUND ( 'NONE', #493, .T. ) ;
#824 = DIRECTION ( 'NONE',  ( 1.000000000000000000, 0.000000000000000000, 9.450491100985239750E-17 ) ) ;
#825 = EDGE_CURVE ( 'NONE', #1291, #196, #1797, .T. ) ;
#826 = ORIENTED_EDGE ( 'NONE', *, *, #175, .F. ) ;
#827 = CARTESIAN_POINT ( 'NONE',  ( 2.000000000000000000, 85.00000000000000000, -83.00000000000000000 ) ) ;
#828 = VERTEX_POINT ( 'NONE', #1968 ) ;
#829 = FACE_OUTER_BOUND ( 'NONE', #2047, .T. ) ;
#830 = PERSON_AND_ORGANIZATION ( #1993, #2420 ) ;
#831 = LINE ( 'NONE', #1437, #1037 ) ;
#832 = DIRECTION ( 'NONE',  ( 0.000000000000000000, 0.000000000000000000, -1.000000000000000000 ) ) ;
#833 = LINE ( 'NONE', #84, #962 ) ;
#834 = CARTESIAN_POINT ( 'NONE',  ( 83.64409174676691805, 85.00000000000000000, -2.000000000000001776 ) ) ;
#835 = ORIENTED_EDGE ( 'NONE', *, *, #1414, .F. ) ;
#836 = EDGE_CURVE ( 'NONE', #883, #2137, #275, .T. ) ;
#837 = EDGE_LOOP ( 'NONE', ( #439, #1696 ) ) ;
#838 = CIRCLE ( 'NONE', #129, 5.000000000000004441 ) ;
#839 = VECTOR ( 'NONE', #871, 1000.000000000000000 ) ;
#840 = VERTEX_POINT ( 'NONE', #1250 ) ;
#841 = DIRECTION ( 'NONE',  ( 1.713307136767216850E-16, 0.000000000000000000, 1.000000000000000000 ) ) ;
#842 = DATE_AND_TIME ( #2204, #2067 ) ;
#843 = EDGE_LOOP ( 'NONE', ( #148, #2070 ) ) ;
#844 = VECTOR ( 'NONE', #2181, 1000.000000000000000 ) ;
#845 = ORIENTED_EDGE ( 'NONE', *, *, #794, .F. ) ;
#846 = FACE_BOUND ( 'NONE', #1364, .T. ) ;
#847 = APPROVAL_PERSON_ORGANIZATION ( #830, #671, #659 ) ;
#848 = DIRECTION ( 'NONE',  ( 1.000000000000000000, -0.000000000000000000, -0.000000000000000000 ) ) ;
#849 = DIRECTION ( 'NONE',  ( 1.000000000000000000, 0.000000000000000000, 0.000000000000000000 ) ) ;
#850 = AXIS2_PLACEMENT_3D ( 'NONE', #1516, #2403, #2082 ) ;
#851 = CARTESIAN_POINT ( 'NONE',  ( 87.64409174676690384, 19.34643937705121530, -59.32204646732241571 ) ) ;
#852 = EDGE_LOOP ( 'NONE', ( #541, #2174, #801, #2236 ) ) ;
#853 = EDGE_CURVE ( 'NONE', #1965, #1601, #523, .T. ) ;
#854 = EDGE_CURVE ( 'NONE', #627, #1135, #81, .T. ) ;
#855 = DIRECTION ( 'NONE',  ( 0.000000000000000000, 0.000000000000000000, -1.000000000000000000 ) ) ;
#856 = PRODUCT_DEFINITION ( 'UNKNOWN', '', #1867, #729 ) ;
#857 = ORIENTED_EDGE ( 'NONE', *, *, #854, .F. ) ;
#858 = CARTESIAN_POINT ( 'NONE',  ( 83.64409174676690384, 13.88062514887305987, -47.49999999999830891 ) ) ;
#859 = DATE_TIME_ROLE ( 'classification_date' ) ;
#860 = VERTEX_POINT ( 'NONE', #1410 ) ;
#861 = ORIENTED_EDGE ( 'NONE', *, *, #637, .F. ) ;
#862 = DIRECTION ( 'NONE',  ( 1.000000000000000000, -0.000000000000000000, -0.000000000000000000 ) ) ;
#863 = DIRECTION ( 'NONE',  ( 1.000000000000000000, 0.000000000000000000, 0.000000000000000000 ) ) ;
#864 = CARTESIAN_POINT ( 'NONE',  ( 106.0000000000000000, 19.34643937705121530, -64.32204646732122910 ) ) ;
#865 = CARTESIAN_POINT ( 'NONE',  ( 59.00000000000001421, 43.61936315012826526, -42.51314744071344620 ) ) ;
#866 = ORIENTED_EDGE ( 'NONE', *, *, #820, .T. ) ;
#867 = DIRECTION ( 'NONE',  ( 1.000000000000000000, -0.000000000000000000, -0.000000000000000000 ) ) ;
#868 = ORIENTED_EDGE ( 'NONE', *, *, #615, .T. ) ;
#869 = CARTESIAN_POINT ( 'NONE',  ( 70.00000000000000000, 19.34643937705148176, -25.67795353267722547 ) ) ;
#870 = ORIENTED_EDGE ( 'NONE', *, *, #763, .F. ) ;
#871 = DIRECTION ( 'NONE',  ( -1.000000000000000000, -0.000000000000000000, -0.000000000000000000 ) ) ;
#872 = DIRECTION ( 'NONE',  ( 0.000000000000000000, 0.000000000000000000, -1.000000000000000000 ) ) ;
#873 = EDGE_CURVE ( 'NONE', #519, #1876, #207, .T. ) ;
#874 = CARTESIAN_POINT ( 'NONE',  ( 83.64409174676690384, 33.65612680261466494, -64.71864294445875032 ) ) ;
#875 = EDGE_CURVE ( 'NONE', #1830, #1245, #1862, .T. ) ;
#876 = CARTESIAN_POINT ( 'NONE',  ( 110.0000000000000000, 85.00000000000000000, 0.000000000000000000 ) ) ;
#877 = ORIENTED_EDGE ( 'NONE', *, *, #488, .F. ) ;
#878 = DIRECTION ( 'NONE',  ( -1.000000000000000000, 0.000000000000000000, 1.713307136767216850E-16 ) ) ;
#879 = VECTOR ( 'NONE', #110, 1000.000000000000000 ) ;
#880 = ORIENTED_EDGE ( 'NONE', *, *, #1358, .F. ) ;
#881 = VECTOR ( 'NONE', #437, 1000.000000000000000 ) ;
#882 = VECTOR ( 'NONE', #1326, 1000.000000000000000 ) ;
#883 = VERTEX_POINT ( 'NONE', #511 ) ;
#884 = VECTOR ( 'NONE', #1338, 1000.000000000000000 ) ;
#885 = CARTESIAN_POINT ( 'NONE',  ( 2.000000000000000000, 42.50000000000014211, -59.50000000000001421 ) ) ;
#886 = CARTESIAN_POINT ( 'NONE',  ( 83.64409174676691805, 51.34387319738507216, -10.28135705554221424 ) ) ;
#887 = EDGE_CURVE ( 'NONE', #1963, #1374, #2374, .T. ) ;
#888 = CARTESIAN_POINT ( 'NONE',  ( 59.00000000000001421, 2.000000000000001776, -83.00000000000000000 ) ) ;
#889 = AXIS2_PLACEMENT_3D ( 'NONE', #1960, #595, #1762 ) ;
#890 = FACE_OUTER_BOUND ( 'NONE', #337, .T. ) ;
#891 = VERTEX_POINT ( 'NONE', #1452 ) ;
#892 = DIRECTION ( 'NONE',  ( 0.000000000000000000, 0.000000000000000000, -1.000000000000000000 ) ) ;
#893 = AXIS2_PLACEMENT_3D ( 'NONE', #2382, #1618, #2394 ) ;
#894 = AXIS2_PLACEMENT_3D ( 'NONE', #712, #1149, #1719 ) ;
#895 = ORIENTED_EDGE ( 'NONE', *, *, #217, .T. ) ;
#896 = EDGE_LOOP ( 'NONE', ( #161, #236 ) ) ;
#897 = DIRECTION ( 'NONE',  ( 1.000000000000000000, 0.000000000000000000, 0.000000000000000000 ) ) ;
#898 = DIRECTION ( 'NONE',  ( 1.000000000000000000, -0.000000000000000000, -0.000000000000000000 ) ) ;
#899 = CARTESIAN_POINT ( 'NONE',  ( 2.000000000000000000, 42.50000000000014211, -59.50000000000001421 ) ) ;
#900 = LINE ( 'NONE', #704, #1506 ) ;
#901 = ORIENTED_EDGE ( 'NONE', *, *, #340, .F. ) ;
#902 = CARTESIAN_POINT ( 'NONE',  ( 70.00000000000000000, 13.88062514887305987, -37.50000000000122924 ) ) ;
#903 = EDGE_CURVE ( 'NONE', #1561, #47, #673, .T. ) ;
#904 = VERTEX_POINT ( 'NONE', #289 ) ;
#905 = EDGE_LOOP ( 'NONE', ( #779, #1093 ) ) ;
#906 = DIRECTION ( 'NONE',  ( -1.000000000000000000, 0.000000000000000000, 1.713307136767216850E-16 ) ) ;
#907 = DIRECTION ( 'NONE',  ( 1.000000000000000000, -0.000000000000000000, -0.000000000000000000 ) ) ;
#908 = DIRECTION ( 'NONE',  ( -1.000000000000000000, -0.000000000000000000, -0.000000000000000000 ) ) ;
#909 = ORIENTED_EDGE ( 'NONE', *, *, #2056, .T. ) ;
#910 = DIRECTION ( 'NONE',  ( 1.000000000000000000, 0.000000000000000000, -1.713307136767216850E-16 ) ) ;
#911 = FACE_OUTER_BOUND ( 'NONE', #321, .T. ) ;
#912 = EDGE_CURVE ( 'NONE', #2003, #98, #1828, .T. ) ;
#913 = ORIENTED_EDGE ( 'NONE', *, *, #2054, .T. ) ;
#914 = EDGE_LOOP ( 'NONE', ( #1861, #1593 ) ) ;
#915 = VECTOR ( 'NONE', #626, 1000.000000000000000 ) ;
#916 = DIRECTION ( 'NONE',  ( 0.000000000000000000, 0.000000000000000000, -1.000000000000000000 ) ) ;
#917 = CARTESIAN_POINT ( 'NONE',  ( 70.00000000000000000, 51.34387319738516453, -64.71864294445849453 ) ) ;
#918 = AXIS2_PLACEMENT_3D ( 'NONE', #460, #2157, #107 ) ;
#919 = VECTOR ( 'NONE', #1599, 1000.000000000000000 ) ;
#920 = LINE ( 'NONE', #199, #2182 ) ;
#921 = AXIS2_PLACEMENT_3D ( 'NONE', #1706, #736, #1845 ) ;
#922 = ORIENTED_EDGE ( 'NONE', *, *, #1981, .F. ) ;
#923 = LINE ( 'NONE', #1482, #1997 ) ;
#924 = CARTESIAN_POINT ( 'NONE',  ( 83.64409174676690384, 65.65356062294878825, -59.32204646732279230 ) ) ;
#925 = AXIS2_PLACEMENT_3D ( 'NONE', #1356, #769, #1899 ) ;
#926 = ADVANCED_FACE ( 'NONE', ( #687, #92, #1042, #501, #1613, #1818, #846, #130, #2363, #1262, #2170, #266 ), #1854, .F. ) ;
#927 = AXIS2_PLACEMENT_3D ( 'NONE', #2355, #2208, #1224 ) ;
#928 = ORIENTED_EDGE ( 'NONE', *, *, #2155, .F. ) ;
#929 = AXIS2_PLACEMENT_3D ( 'NONE', #1204, #1333, #1529 ) ;
#930 = ORIENTED_EDGE ( 'NONE', *, *, #83, .T. ) ;
#931 = CARTESIAN_POINT ( 'NONE',  ( 87.64409174676690384, 13.88062514887305987, -42.49999999999976552 ) ) ;
#932 = CARTESIAN_POINT ( 'NONE',  ( 70.00000000000000000, 33.65612680261466494, -64.71864294445875032 ) ) ;
#933 = CARTESIAN_POINT ( 'NONE',  ( 110.0000000000000000, 13.88062514887305987, -42.49999999999976552 ) ) ;
#934 = VERTEX_POINT ( 'NONE', #1497 ) ;
#935 = DIRECTION ( 'NONE',  ( 0.000000000000000000, 0.000000000000000000, -1.000000000000000000 ) ) ;
#936 = CARTESIAN_POINT ( 'NONE',  ( 70.00000000000000000, 65.65356062294907247, -30.67795353267761627 ) ) ;
#937 = VERTEX_POINT ( 'NONE', #143 ) ;
#938 = VERTEX_POINT ( 'NONE', #2408 ) ;
#939 = FACE_OUTER_BOUND ( 'NONE', #401, .T. ) ;
#940 = DIRECTION ( 'NONE',  ( 1.000000000000000000, 0.000000000000000000, 0.000000000000000000 ) ) ;
#941 = DIRECTION ( 'NONE',  ( 0.000000000000000000, 0.000000000000000000, -1.000000000000000000 ) ) ;
#942 = ADVANCED_FACE ( 'NONE', ( #753 ), #1303, .F. ) ;
#943 = EDGE_CURVE ( 'NONE', #1950, #245, #1269, .T. ) ;
#944 = ORIENTED_EDGE ( 'NONE', *, *, #2376, .T. ) ;
#945 = DIRECTION ( 'NONE',  ( 0.000000000000000000, 0.000000000000000000, -1.000000000000000000 ) ) ;
#946 = LINE ( 'NONE', #740, #551 ) ;
#947 = ORIENTED_EDGE ( 'NONE', *, *, #887, .F. ) ;
#948 = ORIENTED_EDGE ( 'NONE', *, *, #2132, .T. ) ;
#949 = CARTESIAN_POINT ( 'NONE',  ( 87.64409174676691805, 85.00000000000000000, -2.000000000000001776 ) ) ;
#950 = FACE_OUTER_BOUND ( 'NONE', #2037, .T. ) ;
#951 = EDGE_CURVE ( 'NONE', #2362, #938, #643, .T. ) ;
#952 = CARTESIAN_POINT ( 'NONE',  ( 70.00000000000000000, 65.65356062294907247, -20.67795353267762692 ) ) ;
#953 = DIRECTION ( 'NONE',  ( 1.000000000000000000, -0.000000000000000000, -0.000000000000000000 ) ) ;
#954 = AXIS2_PLACEMENT_3D ( 'NONE', #1877, #521, #179 ) ;
#955 = ORIENTED_EDGE ( 'NONE', *, *, #809, .T. ) ;
#956 = DIRECTION ( 'NONE',  ( 0.000000000000000000, 0.000000000000000000, -1.000000000000000000 ) ) ;
#957 = CARTESIAN_POINT ( 'NONE',  ( 110.0000000000000000, 65.65356062294878825, -59.32204646732279230 ) ) ;
#958 = ORIENTED_EDGE ( 'NONE', *, *, #1691, .T. ) ;
#959 = ORIENTED_EDGE ( 'NONE', *, *, #590, .T. ) ;
#960 = AXIS2_PLACEMENT_3D ( 'NONE', #554, #754, #2033 ) ;
#961 = VERTEX_POINT ( 'NONE', #1462 ) ;
#962 = VECTOR ( 'NONE', #1604, 1000.000000000000000 ) ;
#963 = LINE ( 'NONE', #2115, #723 ) ;
#964 = LINE ( 'NONE', #631, #174 ) ;
#965 = CARTESIAN_POINT ( 'NONE',  ( 80.00000000000000000, 42.50000000000014211, -42.50000000000000711 ) ) ;
#966 = CARTESIAN_POINT ( 'NONE',  ( 106.0000000000000000, 51.34387319738516453, -69.71864294445815347 ) ) ;
#967 = ORIENTED_EDGE ( 'NONE', *, *, #1500, .F. ) ;
#968 = LINE ( 'NONE', #1710, #63 ) ;
#969 = DIRECTION ( 'NONE',  ( 1.000000000000000000, -0.000000000000000000, -0.000000000000000000 ) ) ;
#970 = EDGE_LOOP ( 'NONE', ( #944, #1456, #784, #2352 ) ) ;
#971 = CARTESIAN_POINT ( 'NONE',  ( 87.64409174676690384, 33.65612680261466494, -69.71864294445799715 ) ) ;
#972 = EDGE_CURVE ( 'NONE', #1135, #1374, #1151, .T. ) ;
#973 = ADVANCED_FACE ( 'NONE', ( #939 ), #1272, .F. ) ;
#974 = ORIENTED_EDGE ( 'NONE', *, *, #836, .T. ) ;
#975 = CARTESIAN_POINT ( 'NONE',  ( 70.00000000000000000, 19.34643937705148176, -30.67795353267583991 ) ) ;
#976 = CARTESIAN_POINT ( 'NONE',  ( 106.0000000000000000, 13.88062514887305987, -47.49999999999830891 ) ) ;
#977 = FACE_BOUND ( 'NONE', #1140, .T. ) ;
#978 = DIRECTION ( 'NONE',  ( 1.000000000000000000, 0.000000000000000000, 0.000000000000000000 ) ) ;
#979 = EDGE_LOOP ( 'NONE', ( #2268, #682, #172, #1404 ) ) ;
#980 = CARTESIAN_POINT ( 'NONE',  ( 87.64409174676690384, 2.000000000000001776, -83.00000000000000000 ) ) ;
#981 = CARTESIAN_POINT ( 'NONE',  ( 83.64409174676690384, 2.000000000000001776, -83.00000000000000000 ) ) ;
#982 = VERTEX_POINT ( 'NONE', #341 ) ;
#983 = ORIENTED_EDGE ( 'NONE', *, *, #115, .F. ) ;
#984 = ADVANCED_FACE ( 'NONE', ( #189 ), #720, .F. ) ;
#985 = ORIENTED_EDGE ( 'NONE', *, *, #253, .F. ) ;
#986 = CARTESIAN_POINT ( 'NONE',  ( 70.00000000000000000, 33.65612680261510548, -10.28135705554294432 ) ) ;
#987 = DIRECTION ( 'NONE',  ( 1.000000000000000000, -0.000000000000000000, -0.000000000000000000 ) ) ;
#988 = DIRECTION ( 'NONE',  ( 0.000000000000000000, 0.000000000000000000, -1.000000000000000000 ) ) ;
#989 = DIRECTION ( 'NONE',  ( 0.000000000000000000, 0.000000000000000000, -1.000000000000000000 ) ) ;
#990 = ORIENTED_EDGE ( 'NONE', *, *, #734, .T. ) ;
#991 = CARTESIAN_POINT ( 'NONE',  ( 87.64409174676690384, 42.50000000000014211, -42.50000000000000711 ) ) ;
#992 = VECTOR ( 'NONE', #45, 1000.000000000000000 ) ;
#993 = LINE ( 'NONE', #1948, #2060 ) ;
#994 = AXIS2_PLACEMENT_3D ( 'NONE', #735, #2064, #1864 ) ;
#995 = ORIENTED_EDGE ( 'NONE', *, *, #1440, .F. ) ;
#996 = DIRECTION ( 'NONE',  ( 1.000000000000000000, 0.000000000000000000, 0.000000000000000000 ) ) ;
#997 = AXIS2_PLACEMENT_3D ( 'NONE', #1210, #114, #1100 ) ;
#998 = EDGE_CURVE ( 'NONE', #219, #150, #2143, .T. ) ;
#999 = EDGE_CURVE ( 'NONE', #456, #1145, #1080, .T. ) ;
#1000 = VERTEX_POINT ( 'NONE', #2229 ) ;
#1001 = AXIS2_PLACEMENT_3D ( 'NONE', #1878, #2230, #1284 ) ;
#1002 = CARTESIAN_POINT ( 'NONE',  ( 70.00000000000000000, 33.65612680261510548, -15.28135705554188561 ) ) ;
#1003 = DIRECTION ( 'NONE',  ( -1.000000000000000000, -0.000000000000000000, -0.000000000000000000 ) ) ;
#1004 = VECTOR ( 'NONE', #2333, 1000.000000000000000 ) ;
#1005 = CIRCLE ( 'NONE', #1640, 18.50000000000000355 ) ;
#1006 = FACE_OUTER_BOUND ( 'NONE', #1249, .T. ) ;
#1007 = EDGE_CURVE ( 'NONE', #1701, #1505, #2263, .T. ) ;
#1008 = FACE_OUTER_BOUND ( 'NONE', #2262, .T. ) ;
#1009 = AXIS2_PLACEMENT_3D ( 'NONE', #2175, #1457, #892 ) ;
#1010 = DIRECTION ( 'NONE',  ( 1.000000000000000000, 0.000000000000000000, 9.450491100985239750E-17 ) ) ;
#1011 = LINE ( 'NONE', #1363, #680 ) ;
#1012 = EDGE_LOOP ( 'NONE', ( #1534, #1420, #370, #195 ) ) ;
#1013 = CARTESIAN_POINT ( 'NONE',  ( 87.64409174676691805, 2.000000000000001776, -2.000000000000001776 ) ) ;
#1014 = ORIENTED_EDGE ( 'NONE', *, *, #2346, .T. ) ;
#1015 = PLANE ( 'NONE',  #1946 ) ;
#1016 = FACE_OUTER_BOUND ( 'NONE', #2096, .T. ) ;
#1017 = LINE ( 'NONE', #661, #603 ) ;
#1018 = CARTESIAN_POINT ( 'NONE',  ( 57.00000000000000711, 2.000000000000001776, -83.00000000000000000 ) ) ;
#1019 = EDGE_CURVE ( 'NONE', #98, #2003, #13, .T. ) ;
#1020 = DIRECTION ( 'NONE',  ( 1.000000000000000000, -0.000000000000000000, -0.000000000000000000 ) ) ;
#1021 = LINE ( 'NONE', #1962, #4 ) ;
#1022 = EDGE_CURVE ( 'NONE', #76, #1301, #329, .T. ) ;
#1023 = ORIENTED_EDGE ( 'NONE', *, *, #853, .F. ) ;
#1024 = ORIENTED_EDGE ( 'NONE', *, *, #658, .T. ) ;
#1025 = ORIENTED_EDGE ( 'NONE', *, *, #1952, .F. ) ;
#1026 = CYLINDRICAL_SURFACE ( 'NONE', #1194, 4.999999999998540723 ) ;
#1027 = PERSON_AND_ORGANIZATION_ROLE ( 'design_supplier' ) ;
#1028 = CARTESIAN_POINT ( 'NONE',  ( 87.64409174676691805, 65.65356062294907247, -25.67795353267761982 ) ) ;
#1029 = DIRECTION ( 'NONE',  ( 1.000000000000000000, 0.000000000000000000, 0.000000000000000000 ) ) ;
#1030 = ADVANCED_FACE ( 'NONE', ( #1283 ), #1126, .F. ) ;
#1031 = EDGE_CURVE ( 'NONE', #2246, #2098, #2183, .T. ) ;
#1032 = CARTESIAN_POINT ( 'NONE',  ( 57.00000000000001421, 43.61936315012826526, -42.51314744071344620 ) ) ;
#1033 = DIRECTION ( 'NONE',  ( 0.000000000000000000, 0.000000000000000000, 1.000000000000000000 ) ) ;
#1034 = ORIENTED_EDGE ( 'NONE', *, *, #1281, .F. ) ;
#1035 = CARTESIAN_POINT ( 'NONE',  ( 70.00000000000000000, 13.88062514887305987, -42.49999999999976552 ) ) ;
#1036 = VECTOR ( 'NONE', #2392, 1000.000000000000000 ) ;
#1037 = VECTOR ( 'NONE', #1587, 1000.000000000000000 ) ;
#1038 = ORIENTED_EDGE ( 'NONE', *, *, #1902, .T. ) ;
#1039 = CYLINDRICAL_SURFACE ( 'NONE', #367, 4.999999999998540723 ) ;
#1040 = DATE_AND_TIME ( #1769, #2104 ) ;
#1041 = VERTEX_POINT ( 'NONE', #2052 ) ;
#1042 = FACE_BOUND ( 'NONE', #1432, .T. ) ;
#1043 = AXIS2_PLACEMENT_3D ( 'NONE', #433, #1173, #1536 ) ;
#1044 = DIRECTION ( 'NONE',  ( -1.000000000000000000, 0.000000000000000000, 1.713307136767216850E-16 ) ) ;
#1045 = CIRCLE ( 'NONE', #927, 18.50000000000000355 ) ;
#1046 = CARTESIAN_POINT ( 'NONE',  ( 110.0000000000000000, 71.11937485112767376, -47.50000000000000711 ) ) ;
#1047 = CIRCLE ( 'NONE', #454, 4.999999999999657163 ) ;
#1048 = LINE ( 'NONE', #1800, #879 ) ;
#1049 = ORIENTED_EDGE ( 'NONE', *, *, #1300, .F. ) ;
#1050 = CARTESIAN_POINT ( 'NONE',  ( 83.64409174676690384, 85.00000000000000000, -83.00000000000000000 ) ) ;
#1051 = ORIENTED_EDGE ( 'NONE', *, *, #951, .F. ) ;
#1052 = EDGE_CURVE ( 'NONE', #241, #738, #403, .T. ) ;
#1053 = FACE_OUTER_BOUND ( 'NONE', #1522, .T. ) ;
#1054 = CALENDAR_DATE ( 2026, 4, 9 ) ;
#1055 = EDGE_CURVE ( 'NONE', #1276, #1655, #1292, .T. ) ;
#1056 = ADVANCED_FACE ( 'NONE', ( #1730 ), #28, .F. ) ;
#1057 = ORIENTED_EDGE ( 'NONE', *, *, #1580, .T. ) ;
#1058 = CARTESIAN_POINT ( 'NONE',  ( 83.64409174676691805, 51.34387319738507216, -15.28135705554221957 ) ) ;
#1059 = DIRECTION ( 'NONE',  ( 1.000000000000000000, 0.000000000000000000, 0.000000000000000000 ) ) ;
#1060 = DIRECTION ( 'NONE',  ( -0.000000000000000000, 1.000000000000000000, 0.000000000000000000 ) ) ;
#1061 = DIRECTION ( 'NONE',  ( -0.000000000000000000, 1.000000000000000000, -0.000000000000000000 ) ) ;
#1062 = EDGE_LOOP ( 'NONE', ( #334, #1814, #1515, #2237 ) ) ;
#1063 = DIRECTION ( 'NONE',  ( 1.000000000000000000, 0.000000000000000000, 0.000000000000000000 ) ) ;
#1064 = ORIENTED_EDGE ( 'NONE', *, *, #358, .T. ) ;
#1065 = EDGE_CURVE ( 'NONE', #1796, #1290, #963, .T. ) ;
#1066 = CALENDAR_DATE ( 2026, 4, 9 ) ;
#1067 = ORIENTED_EDGE ( 'NONE', *, *, #2332, .T. ) ;
#1068 = ORIENTED_EDGE ( 'NONE', *, *, #1340, .F. ) ;
#1069 = CARTESIAN_POINT ( 'NONE',  ( 83.64409174676690384, 19.34643937705121530, -54.32204646732360231 ) ) ;
#1070 = DIRECTION ( 'NONE',  ( 0.000000000000000000, 0.000000000000000000, 1.000000000000000000 ) ) ;
#1071 = DIRECTION ( 'NONE',  ( 0.000000000000000000, 0.000000000000000000, 1.000000000000000000 ) ) ;
#1072 = CARTESIAN_POINT ( 'NONE',  ( 59.00000000000002132, 2.000000000000001776, -2.000000000000002220 ) ) ;
#1073 = CIRCLE ( 'NONE', #1079, 4.999999999999935163 ) ;
#1074 = EDGE_LOOP ( 'NONE', ( #1134, #719, #383, #709 ) ) ;
#1075 = CARTESIAN_POINT ( 'NONE',  ( 83.64409174676690384, 13.88062514887305987, -37.50000000000122924 ) ) ;
#1076 = AXIS2_PLACEMENT_3D ( 'NONE', #19, #2055, #1096 ) ;
#1077 = ORIENTED_EDGE ( 'NONE', *, *, #972, .F. ) ;
#1078 = EDGE_CURVE ( 'NONE', #2119, #982, #364, .T. ) ;
#1079 = AXIS2_PLACEMENT_3D ( 'NONE', #2147, #1750, #2308 ) ;
#1080 = CIRCLE ( 'NONE', #1473, 4.999999999999993783 ) ;
#1081 = VERTEX_POINT ( 'NONE', #2275 ) ;
#1082 = VECTOR ( 'NONE', #841, 1000.000000000000000 ) ;
#1083 = DIRECTION ( 'NONE',  ( 0.000000000000000000, 0.000000000000000000, -1.000000000000000000 ) ) ;
#1084 = FACE_OUTER_BOUND ( 'NONE', #27, .T. ) ;
#1085 = CARTESIAN_POINT ( 'NONE',  ( 2.000000000000000000, 42.50000000000014211, -42.50000000000000711 ) ) ;
#1086 = EDGE_CURVE ( 'NONE', #937, #574, #580, .T. ) ;
#1087 = DIRECTION ( 'NONE',  ( 0.000000000000000000, 0.000000000000000000, -1.000000000000000000 ) ) ;
#1088 = ORIENTED_EDGE ( 'NONE', *, *, #999, .F. ) ;
#1089 = DIRECTION ( 'NONE',  ( -0.000000000000000000, 1.000000000000000000, -0.000000000000000000 ) ) ;
#1090 = AXIS2_PLACEMENT_3D ( 'NONE', #1964, #996, #2135 ) ;
#1091 = VECTOR ( 'NONE', #277, 1000.000000000000000 ) ;
#1092 = ORIENTED_EDGE ( 'NONE', *, *, #2334, .F. ) ;
#1093 = ORIENTED_EDGE ( 'NONE', *, *, #409, .T. ) ;
#1094 = CARTESIAN_POINT ( 'NONE',  ( 83.64409174676691805, 65.65356062294907247, -25.67795353267761982 ) ) ;
#1095 = FACE_BOUND ( 'NONE', #905, .T. ) ;
#1096 = DIRECTION ( 'NONE',  ( 0.000000000000000000, 0.000000000000000000, -1.000000000000000000 ) ) ;
#1097 = EDGE_CURVE ( 'NONE', #1950, #1876, #2126, .T. ) ;
#1098 = VERTEX_POINT ( 'NONE', #432 ) ;
#1099 = CARTESIAN_POINT ( 'NONE',  ( 110.0000000000000000, 0.000000000000000000, 0.000000000000000000 ) ) ;
#1100 = DIRECTION ( 'NONE',  ( 0.000000000000000000, 0.000000000000000000, -1.000000000000000000 ) ) ;
#1101 = ORIENTED_EDGE ( 'NONE', *, *, #1981, .T. ) ;
#1102 = ORIENTED_EDGE ( 'NONE', *, *, #2138, .F. ) ;
#1103 = CARTESIAN_POINT ( 'NONE',  ( 110.0000000000000000, 33.65612680261466494, -69.71864294445799715 ) ) ;
#1104 = CARTESIAN_POINT ( 'NONE',  ( 87.64409174676691805, 33.65612680261510548, -20.28135705554083046 ) ) ;
#1105 = EDGE_CURVE ( 'NONE', #1144, #357, #39, .T. ) ;
#1106 = CARTESIAN_POINT ( 'NONE',  ( 59.00000000000002132, 2.000000000000001776, -2.000000000000002220 ) ) ;
#1107 = ADVANCED_FACE ( 'NONE', ( #780 ), #806, .F. ) ;
#1108 = EDGE_LOOP ( 'NONE', ( #476, #826, #1427, #1951 ) ) ;
#1109 = CC_DESIGN_PERSON_AND_ORGANIZATION_ASSIGNMENT ( #1995, #1397, ( #529 ) ) ;
#1110 = CARTESIAN_POINT ( 'NONE',  ( 87.64409174676690384, 2.000000000000001776, -83.00000000000000000 ) ) ;
#1111 = CYLINDRICAL_SURFACE ( 'NONE', #751, 4.999999999998613553 ) ;
#1112 = VERTEX_POINT ( 'NONE', #1367 ) ;
#1113 = ORIENTED_EDGE ( 'NONE', *, *, #1281, .T. ) ;
#1114 = DIRECTION ( 'NONE',  ( 0.000000000000000000, 0.000000000000000000, -1.000000000000000000 ) ) ;
#1115 = FACE_BOUND ( 'NONE', #1409, .T. ) ;
#1116 = AXIS2_PLACEMENT_3D ( 'NONE', #2281, #185, #749 ) ;
#1117 = CARTESIAN_POINT ( 'NONE',  ( 70.00000000000000000, 33.65612680261510548, -15.28135705554188561 ) ) ;
#1118 = AXIS2_PLACEMENT_3D ( 'NONE', #534, #940, #198 ) ;
#1119 = ORIENTED_EDGE ( 'NONE', *, *, #6, .T. ) ;
#1120 = LINE ( 'NONE', #184, #496 ) ;
#1121 = DIRECTION ( 'NONE',  ( -0.000000000000000000, 1.000000000000000000, -0.000000000000000000 ) ) ;
#1122 = CIRCLE ( 'NONE', #925, 18.50000000000000355 ) ;
#1123 = AXIS2_PLACEMENT_3D ( 'NONE', #2379, #2391, #2001 ) ;
#1124 = ORIENTED_EDGE ( 'NONE', *, *, #2138, .T. ) ;
#1125 = ORIENTED_EDGE ( 'NONE', *, *, #794, .T. ) ;
#1126 = CYLINDRICAL_SURFACE ( 'NONE', #800, 4.999999999999241496 ) ;
#1127 = LINE ( 'NONE', #917, #1635 ) ;
#1128 = EDGE_CURVE ( 'NONE', #2025, #1531, #2325, .T. ) ;
#1129 = CARTESIAN_POINT ( 'NONE',  ( 59.00000000000001421, 85.00000000000000000, -83.00000000000000000 ) ) ;
#1130 = EDGE_LOOP ( 'NONE', ( #1809, #1077 ) ) ;
#1131 = DIRECTION ( 'NONE',  ( 1.000000000000000000, -0.000000000000000000, -0.000000000000000000 ) ) ;
#1132 = DIRECTION ( 'NONE',  ( 1.000000000000000000, -0.000000000000000000, -0.000000000000000000 ) ) ;
#1133 = CIRCLE ( 'NONE', #1371, 4.999999999998817835 ) ;
#1134 = ORIENTED_EDGE ( 'NONE', *, *, #26, .T. ) ;
#1135 = VERTEX_POINT ( 'NONE', #1172 ) ;
#1136 = EDGE_CURVE ( 'NONE', #937, #7, #2099, .T. ) ;
#1137 = DIRECTION ( 'NONE',  ( 0.000000000000000000, 0.000000000000000000, -1.000000000000000000 ) ) ;
#1138 = CARTESIAN_POINT ( 'NONE',  ( 83.64409174676691805, 33.65612680261510548, -20.28135705554083046 ) ) ;
#1139 = DIRECTION ( 'NONE',  ( -1.000000000000000000, -0.000000000000000000, -0.000000000000000000 ) ) ;
#1140 = EDGE_LOOP ( 'NONE', ( #2041, #1248 ) ) ;
#1141 = CARTESIAN_POINT ( 'NONE',  ( 87.64409174676691805, 33.65612680261510548, -10.28135705554294432 ) ) ;
#1142 = DIRECTION ( 'NONE',  ( 1.000000000000000000, 0.000000000000000000, 0.000000000000000000 ) ) ;
#1143 = EDGE_LOOP ( 'NONE', ( #2350, #2105 ) ) ;
#1144 = VERTEX_POINT ( 'NONE', #1928 ) ;
#1145 = VERTEX_POINT ( 'NONE', #16 ) ;
#1146 = DIRECTION ( 'NONE',  ( 1.000000000000000000, -0.000000000000000000, -0.000000000000000000 ) ) ;
#1147 = DIRECTION ( 'NONE',  ( 1.000000000000000000, -0.000000000000000000, -0.000000000000000000 ) ) ;
#1148 = AXIS2_PLACEMENT_3D ( 'NONE', #652, #2160, #1216 ) ;
#1149 = DIRECTION ( 'NONE',  ( 1.000000000000000000, 0.000000000000000000, -1.713307136767216850E-16 ) ) ;
#1150 = PLANE ( 'NONE',  #490 ) ;
#1151 = CIRCLE ( 'NONE', #1669, 17.00000000000000000 ) ;
#1152 = ORIENTED_EDGE ( 'NONE', *, *, #1570, .T. ) ;
#1153 = EDGE_CURVE ( 'NONE', #12, #777, #1547, .T. ) ;
#1154 = DIRECTION ( 'NONE',  ( 0.000000000000000000, 0.000000000000000000, -1.000000000000000000 ) ) ;
#1155 = CYLINDRICAL_SURFACE ( 'NONE', #756, 4.999999999999993783 ) ;
#1156 = CIRCLE ( 'NONE', #336, 4.999999999999997335 ) ;
#1157 = ORIENTED_EDGE ( 'NONE', *, *, #1691, .F. ) ;
#1158 = VERTEX_POINT ( 'NONE', #197 ) ;
#1159 = AXIS2_PLACEMENT_3D ( 'NONE', #1525, #2276, #581 ) ;
#1160 = VERTEX_POINT ( 'NONE', #223 ) ;
#1161 = CIRCLE ( 'NONE', #2425, 4.999999999999993783 ) ;
#1162 = DIRECTION ( 'NONE',  ( 1.713307136767216850E-16, 0.000000000000000000, 1.000000000000000000 ) ) ;
#1163 = FACE_OUTER_BOUND ( 'NONE', #1842, .T. ) ;
#1164 = LINE ( 'NONE', #1566, #1274 ) ;
#1165 = ORIENTED_EDGE ( 'NONE', *, *, #2238, .T. ) ;
#1166 = CARTESIAN_POINT ( 'NONE',  ( 83.64409174676691805, 65.65356062294907247, -20.67795353267762692 ) ) ;
#1167 = EDGE_CURVE ( 'NONE', #1324, #478, #1184, .T. ) ;
#1168 = CARTESIAN_POINT ( 'NONE',  ( 87.64409174676691805, 19.34643937705148176, -30.67795353267583991 ) ) ;
#1169 = VERTEX_POINT ( 'NONE', #768 ) ;
#1170 = ORIENTED_EDGE ( 'NONE', *, *, #1647, .T. ) ;
#1171 = ORIENTED_EDGE ( 'NONE', *, *, #102, .T. ) ;
#1172 = CARTESIAN_POINT ( 'NONE',  ( 0.000000000000000000, 42.50000000000014211, -59.50000000000001421 ) ) ;
#1173 = DIRECTION ( 'NONE',  ( -1.000000000000000000, -0.000000000000000000, -0.000000000000000000 ) ) ;
#1174 = CARTESIAN_POINT ( 'NONE',  ( 87.64409174676690384, 13.88062514887305987, -37.50000000000122924 ) ) ;
#1175 = DIRECTION ( 'NONE',  ( 0.000000000000000000, 0.000000000000000000, -1.000000000000000000 ) ) ;
#1176 = VERTEX_POINT ( 'NONE', #68 ) ;
#1177 = CARTESIAN_POINT ( 'NONE',  ( 110.0000000000000000, 33.65612680261510548, -10.28135705554294432 ) ) ;
#1178 = EDGE_CURVE ( 'NONE', #1450, #1619, #14, .T. ) ;
#1179 = ADVANCED_FACE ( 'NONE', ( #606 ), #1940, .F. ) ;
#1180 = CARTESIAN_POINT ( 'NONE',  ( 70.00000000000000000, 65.65356062294878825, -54.32204646732286335 ) ) ;
#1181 = EDGE_LOOP ( 'NONE', ( #2095, #2294 ) ) ;
#1182 = VERTEX_POINT ( 'NONE', #1898 ) ;
#1183 = ORIENTED_EDGE ( 'NONE', *, *, #48, .F. ) ;
#1184 = LINE ( 'NONE', #986, #2301 ) ;
#1185 = VECTOR ( 'NONE', #540, 1000.000000000000000 ) ;
#1186 = DIRECTION ( 'NONE',  ( 0.000000000000000000, 0.000000000000000000, 1.000000000000000000 ) ) ;
#1187 = DIRECTION ( 'NONE',  ( 1.000000000000000000, -0.000000000000000000, -0.000000000000000000 ) ) ;
#1188 = CIRCLE ( 'NONE', #2219, 4.999999999999935163 ) ;
#1189 = DIRECTION ( 'NONE',  ( 0.000000000000000000, 0.000000000000000000, 1.000000000000000000 ) ) ;
#1190 = LINE ( 'NONE', #1347, #1896 ) ;
#1191 = VECTOR ( 'NONE', #384, 1000.000000000000000 ) ;
#1192 = EDGE_LOOP ( 'NONE', ( #500, #1092, #1436, #2384 ) ) ;
#1193 = EDGE_LOOP ( 'NONE', ( #1416, #1897 ) ) ;
#1194 = AXIS2_PLACEMENT_3D ( 'NONE', #468, #630, #669 ) ;
#1195 = ORIENTED_EDGE ( 'NONE', *, *, #792, .F. ) ;
#1196 = VECTOR ( 'NONE', #848, 1000.000000000000000 ) ;
#1197 = CARTESIAN_POINT ( 'NONE',  ( 106.0000000000000000, 33.65612680261510548, -15.28135705554188561 ) ) ;
#1198 = ADVANCED_FACE ( 'NONE', ( #1758, #1717, #1740, #1355 ), #53, .F. ) ;
#1199 = AXIS2_PLACEMENT_3D ( 'NONE', #980, #1735, #797 ) ;
#1200 = FACE_BOUND ( 'NONE', #914, .T. ) ;
#1201 = ADVANCED_FACE ( 'NONE', ( #2351 ), #1468, .F. ) ;
#1202 = FACE_OUTER_BOUND ( 'NONE', #970, .T. ) ;
#1203 = VECTOR ( 'NONE', #2234, 1000.000000000000000 ) ;
#1204 = CARTESIAN_POINT ( 'NONE',  ( 80.00000000000000000, 42.50000000000014211, -42.50000000000000711 ) ) ;
#1205 = CARTESIAN_POINT ( 'NONE',  ( 87.64409174676690384, 71.11937485112767376, -42.50000000000000711 ) ) ;
#1206 = ORIENTED_EDGE ( 'NONE', *, *, #1835, .T. ) ;
#1207 = EDGE_LOOP ( 'NONE', ( #1261, #1057, #2057, #235 ) ) ;
#1208 = ORIENTED_EDGE ( 'NONE', *, *, #875, .T. ) ;
#1209 = EDGE_CURVE ( 'NONE', #1655, #1000, #2165, .T. ) ;
#1210 = CARTESIAN_POINT ( 'NONE',  ( 70.00000000000000000, 65.65356062294907247, -25.67795353267761982 ) ) ;
#1211 = PERSON_AND_ORGANIZATION ( #1993, #2420 ) ;
#1212 = ORIENTED_EDGE ( 'NONE', *, *, #1874, .T. ) ;
#1213 = CARTESIAN_POINT ( 'NONE',  ( 2.000000000000000000, 42.50000000000014211, -25.50000000000000711 ) ) ;
#1214 = DIRECTION ( 'NONE',  ( 1.000000000000000000, -0.000000000000000000, -0.000000000000000000 ) ) ;
#1215 = CYLINDRICAL_SURFACE ( 'NONE', #1123, 4.999999999999935163 ) ;
#1216 = DIRECTION ( 'NONE',  ( 0.000000000000000000, 0.000000000000000000, -1.000000000000000000 ) ) ;
#1217 = ORIENTED_EDGE ( 'NONE', *, *, #2260, .F. ) ;
#1218 = CYLINDRICAL_SURFACE ( 'NONE', #1911, 4.999999999998817835 ) ;
#1219 = ORIENTED_EDGE ( 'NONE', *, *, #279, .T. ) ;
#1220 = CARTESIAN_POINT ( 'NONE',  ( 70.00000000000000000, 13.88062514887305987, -42.49999999999976552 ) ) ;
#1221 = VERTEX_POINT ( 'NONE', #1234 ) ;
#1222 = CARTESIAN_POINT ( 'NONE',  ( 70.00000000000000000, 71.11937485112767376, -47.50000000000000711 ) ) ;
#1223 = CARTESIAN_POINT ( 'NONE',  ( 0.000000000000000000, 0.000000000000000000, -85.00000000000000000 ) ) ;
#1224 = DIRECTION ( 'NONE',  ( 0.000000000000000000, 0.000000000000000000, -1.000000000000000000 ) ) ;
#1225 = FACE_BOUND ( 'NONE', #1130, .T. ) ;
#1226 = ADVANCED_FACE ( 'NONE', ( #829 ), #1039, .F. ) ;
#1227 = ORIENTED_EDGE ( 'NONE', *, *, #1647, .F. ) ;
#1228 = DIRECTION ( 'NONE',  ( 0.000000000000000000, 0.000000000000000000, -1.000000000000000000 ) ) ;
#1229 = CIRCLE ( 'NONE', #480, 4.999999999998613553 ) ;
#1230 = VECTOR ( 'NONE', #1770, 1000.000000000000000 ) ;
#1231 = ADVANCED_FACE ( 'NONE', ( #2177 ), #2223, .F. ) ;
#1232 = CIRCLE ( 'NONE', #170, 4.999999999999241496 ) ;
#1233 = ORIENTED_EDGE ( 'NONE', *, *, #1888, .F. ) ;
#1234 = CARTESIAN_POINT ( 'NONE',  ( 110.0000000000000000, 33.65612680261510548, -20.28135705554083046 ) ) ;
#1235 = COORDINATED_UNIVERSAL_TIME_OFFSET ( 2, 0, .AHEAD. ) ;
#1236 = CIRCLE ( 'NONE', #1118, 4.999999999998540723 ) ;
#1237 = ORIENTED_EDGE ( 'NONE', *, *, #1644, .F. ) ;
#1238 = DIRECTION ( 'NONE',  ( 1.000000000000000000, -0.000000000000000000, -0.000000000000000000 ) ) ;
#1239 = LOCAL_TIME ( 13, 54, 19.00000000000000000, #2018 ) ;
#1240 = CARTESIAN_POINT ( 'NONE',  ( 110.0000000000000000, 65.65356062294878825, -64.32204646732273545 ) ) ;
#1241 = AXIS2_PLACEMENT_3D ( 'NONE', #888, #2184, #1641 ) ;
#1242 = FACE_OUTER_BOUND ( 'NONE', #1843, .T. ) ;
#1243 = VECTOR ( 'NONE', #1858, 1000.000000000000000 ) ;
#1244 = DIRECTION ( 'NONE',  ( 0.000000000000000000, 0.000000000000000000, 1.000000000000000000 ) ) ;
#1245 = VERTEX_POINT ( 'NONE', #528 ) ;
#1246 = EDGE_CURVE ( 'NONE', #125, #142, #1632, .T. ) ;
#1247 = CARTESIAN_POINT ( 'NONE',  ( 87.64409174676691805, 65.65356062294907247, -20.67795353267762692 ) ) ;
#1248 = ORIENTED_EDGE ( 'NONE', *, *, #743, .T. ) ;
#1249 = EDGE_LOOP ( 'NONE', ( #52, #861, #2192, #1767 ) ) ;
#1250 = CARTESIAN_POINT ( 'NONE',  ( 59.00000000000001421, 2.000000000000001776, -83.00000000000000000 ) ) ;
#1251 = DIRECTION ( 'NONE',  ( -1.000000000000000000, -0.000000000000000000, -0.000000000000000000 ) ) ;
#1252 = DIRECTION ( 'NONE',  ( 1.000000000000000000, -0.000000000000000000, -0.000000000000000000 ) ) ;
#1253 = CARTESIAN_POINT ( 'NONE',  ( 0.000000000000000000, 85.00000000000000000, 0.000000000000000000 ) ) ;
#1254 = VERTEX_POINT ( 'NONE', #160 ) ;
#1255 = ADVANCED_FACE ( 'NONE', ( #2404, #911 ), #1015, .F. ) ;
#1256 = EDGE_CURVE ( 'NONE', #840, #1853, #1665, .T. ) ;
#1257 = DIRECTION ( 'NONE',  ( 0.000000000000000000, 0.000000000000000000, -1.000000000000000000 ) ) ;
#1258 = ORIENTED_EDGE ( 'NONE', *, *, #1376, .T. ) ;
#1259 = PERSON_AND_ORGANIZATION ( #1993, #2420 ) ;
#1260 = ADVANCED_FACE ( 'NONE', ( #1768 ), #301, .F. ) ;
#1261 = ORIENTED_EDGE ( 'NONE', *, *, #324, .F. ) ;
#1262 = FACE_BOUND ( 'NONE', #2324, .T. ) ;
#1263 = CYLINDRICAL_SURFACE ( 'NONE', #209, 4.999999999998613553 ) ;
#1264 = DIRECTION ( 'NONE',  ( -1.000000000000000000, 0.000000000000000000, 0.000000000000000000 ) ) ;
#1265 = CYLINDRICAL_SURFACE ( 'NONE', #2296, 4.999999999999997335 ) ;
#1266 = ORIENTED_EDGE ( 'NONE', *, *, #2287, .T. ) ;
#1267 = CARTESIAN_POINT ( 'NONE',  ( 83.64409174676690384, 51.34387319738516453, -69.71864294445815347 ) ) ;
#1268 = ORIENTED_EDGE ( 'NONE', *, *, #578, .F. ) ;
#1269 = CIRCLE ( 'NONE', #683, 4.999999999998613553 ) ;
#1270 = ORIENTED_EDGE ( 'NONE', *, *, #1282, .F. ) ;
#1271 = ADVANCED_FACE ( 'NONE', ( #1053 ), #1026, .F. ) ;
#1272 = CYLINDRICAL_SURFACE ( 'NONE', #2378, 4.999999999999935163 ) ;
#1273 = FACE_BOUND ( 'NONE', #353, .T. ) ;
#1274 = VECTOR ( 'NONE', #396, 1000.000000000000000 ) ;
#1275 = LINE ( 'NONE', #1072, #1824 ) ;
#1276 = VERTEX_POINT ( 'NONE', #1379 ) ;
#1277 = DIRECTION ( 'NONE',  ( 1.000000000000000000, 0.000000000000000000, 0.000000000000000000 ) ) ;
#1278 = CARTESIAN_POINT ( 'NONE',  ( 83.64409174676690384, 65.65356062294878825, -64.32204646732273545 ) ) ;
#1279 = ORIENTED_EDGE ( 'NONE', *, *, #1097, .T. ) ;
#1280 = ORIENTED_EDGE ( 'NONE', *, *, #1723, .F. ) ;
#1281 = EDGE_CURVE ( 'NONE', #2119, #1965, #284, .T. ) ;
#1282 = EDGE_CURVE ( 'NONE', #1176, #1914, #803, .T. ) ;
#1283 = FACE_OUTER_BOUND ( 'NONE', #1532, .T. ) ;
#1284 = DIRECTION ( 'NONE',  ( 1.000000000000000000, 0.000000000000000000, 1.759776231360189123E-17 ) ) ;
#1285 = CC_DESIGN_PERSON_AND_ORGANIZATION_ASSIGNMENT ( #1600, #2156, ( #349 ) ) ;
#1286 = CYLINDRICAL_SURFACE ( 'NONE', #1076, 4.999999999999657163 ) ;
#1287 = ORIENTED_EDGE ( 'NONE', *, *, #951, .T. ) ;
#1288 = DIRECTION ( 'NONE',  ( 0.000000000000000000, 0.000000000000000000, 1.000000000000000000 ) ) ;
#1289 = CARTESIAN_POINT ( 'NONE',  ( 106.0000000000000000, 33.65612680261466494, -74.71864294445722976 ) ) ;
#1290 = VERTEX_POINT ( 'NONE', #1807 ) ;
#1291 = VERTEX_POINT ( 'NONE', #1278 ) ;
#1292 = LINE ( 'NONE', #2432, #2297 ) ;
#1293 = LINE ( 'NONE', #932, #173 ) ;
#1294 = DIRECTION ( 'NONE',  ( 1.000000000000000000, -0.000000000000000000, -0.000000000000000000 ) ) ;
#1295 = ORIENTED_EDGE ( 'NONE', *, *, #2201, .F. ) ;
#1296 = DIRECTION ( 'NONE',  ( 1.000000000000000000, -0.000000000000000000, -0.000000000000000000 ) ) ;
#1297 = CARTESIAN_POINT ( 'NONE',  ( 70.00000000000000000, 65.65356062294907247, -25.67795353267761982 ) ) ;
#1298 = CIRCLE ( 'NONE', #1148, 4.999999999999993783 ) ;
#1299 = EDGE_LOOP ( 'NONE', ( #1659, #151, #699, #1219 ) ) ;
#1300 = EDGE_CURVE ( 'NONE', #1324, #1884, #447, .T. ) ;
#1301 = VERTEX_POINT ( 'NONE', #858 ) ;
#1302 = AXIS2_PLACEMENT_3D ( 'NONE', #504, #1446, #713 ) ;
#1303 = CYLINDRICAL_SURFACE ( 'NONE', #954, 4.999999999999935163 ) ;
#1304 = DIRECTION ( 'NONE',  ( 0.000000000000000000, 0.000000000000000000, -1.000000000000000000 ) ) ;
#1305 = CIRCLE ( 'NONE', #1668, 4.999999999999241496 ) ;
#1306 = AXIS2_PLACEMENT_3D ( 'NONE', #1002, #1146, #1563 ) ;
#1307 = DIRECTION ( 'NONE',  ( 1.000000000000000000, 0.000000000000000000, 0.000000000000000000 ) ) ;
#1308 = CIRCLE ( 'NONE', #764, 4.999999999999657163 ) ;
#1309 = ORIENTED_EDGE ( 'NONE', *, *, #1674, .T. ) ;
#1310 = FACE_OUTER_BOUND ( 'NONE', #1062, .T. ) ;
#1311 = FACE_OUTER_BOUND ( 'NONE', #302, .T. ) ;
#1312 = EDGE_CURVE ( 'NONE', #2291, #2112, #2154, .T. ) ;
#1313 = CIRCLE ( 'NONE', #257, 18.50000000000000355 ) ;
#1314 = AXIS2_PLACEMENT_3D ( 'NONE', #1032, #1784, #94 ) ;
#1315 = ORIENTED_EDGE ( 'NONE', *, *, #309, .T. ) ;
#1316 = AXIS2_PLACEMENT_3D ( 'NONE', #561, #2270, #739 ) ;
#1317 = ORIENTED_EDGE ( 'NONE', *, *, #2321, .T. ) ;
#1318 = DIRECTION ( 'NONE',  ( 0.000000000000000000, -0.000000000000000000, -1.000000000000000000 ) ) ;
#1319 = FACE_BOUND ( 'NONE', #1991, .T. ) ;
#1320 = CYLINDRICAL_SURFACE ( 'NONE', #285, 4.999999999999997335 ) ;
#1321 = ORIENTED_EDGE ( 'NONE', *, *, #473, .T. ) ;
#1322 = CYLINDRICAL_SURFACE ( 'NONE', #1354, 4.999999999999657163 ) ;
#1323 = DIRECTION ( 'NONE',  ( 1.000000000000000000, 0.000000000000000000, 0.000000000000000000 ) ) ;
#1324 = VERTEX_POINT ( 'NONE', #657 ) ;
#1325 = VERTEX_POINT ( 'NONE', #2360 ) ;
#1326 = DIRECTION ( 'NONE',  ( 1.000000000000000000, -0.000000000000000000, -0.000000000000000000 ) ) ;
#1327 = MECHANICAL_CONTEXT ( 'NONE', #1524, 'mechanical' ) ;
#1328 = EDGE_CURVE ( 'NONE', #550, #1158, #1232, .T. ) ;
#1329 = FACE_BOUND ( 'NONE', #1143, .T. ) ;
#1330 = CARTESIAN_POINT ( 'NONE',  ( 110.0000000000000000, 19.34643937705148176, -30.67795353267583991 ) ) ;
#1331 = ORIENTED_EDGE ( 'NONE', *, *, #775, .F. ) ;
#1332 = EDGE_CURVE ( 'NONE', #1474, #295, #2186, .T. ) ;
#1333 = DIRECTION ( 'NONE',  ( 1.000000000000000000, -0.000000000000000000, -0.000000000000000000 ) ) ;
#1334 = DIRECTION ( 'NONE',  ( 1.000000000000000000, -0.000000000000000000, -0.000000000000000000 ) ) ;
#1335 = ORIENTED_EDGE ( 'NONE', *, *, #1692, .T. ) ;
#1336 = ORIENTED_EDGE ( 'NONE', *, *, #873, .F. ) ;
#1337 = EDGE_LOOP ( 'NONE', ( #2282, #1466, #1543, #1157 ) ) ;
#1338 = DIRECTION ( 'NONE',  ( 1.000000000000000000, 0.000000000000000000, 1.759776231360189123E-17 ) ) ;
#1339 = DIRECTION ( 'NONE',  ( 1.000000000000000000, -0.000000000000000000, -0.000000000000000000 ) ) ;
#1340 = EDGE_CURVE ( 'NONE', #2137, #717, #55, .T. ) ;
#1341 = AXIS2_PLACEMENT_3D ( 'NONE', #191, #1695, #5 ) ;
#1342 = DIRECTION ( 'NONE',  ( -1.000000000000000000, 0.000000000000000000, -0.000000000000000000 ) ) ;
#1343 = FACE_BOUND ( 'NONE', #1713, .T. ) ;
#1344 = CIRCLE ( 'NONE', #1511, 4.999999999998943068 ) ;
#1345 = EDGE_LOOP ( 'NONE', ( #2311, #526 ) ) ;
#1346 = PLANE ( 'NONE',  #1996 ) ;
#1347 = CARTESIAN_POINT ( 'NONE',  ( 70.00000000000000000, 19.34643937705148176, -20.67795353267861103 ) ) ;
#1348 = CIRCLE ( 'NONE', #292, 4.999999999999993783 ) ;
#1349 = ORIENTED_EDGE ( 'NONE', *, *, #251, .F. ) ;
#1350 = VERTEX_POINT ( 'NONE', #2083 ) ;
#1351 = VECTOR ( 'NONE', #987, 1000.000000000000000 ) ;
#1352 = AXIS2_PLACEMENT_3D ( 'NONE', #305, #1060, #1812 ) ;
#1353 = ORIENTED_EDGE ( 'NONE', *, *, #1078, .T. ) ;
#1354 = AXIS2_PLACEMENT_3D ( 'NONE', #2253, #1296, #1492 ) ;
#1355 = FACE_OUTER_BOUND ( 'NONE', #788, .T. ) ;
#1356 = CARTESIAN_POINT ( 'NONE',  ( 110.0000000000000000, 42.50000000000014211, -42.50000000000000711 ) ) ;
#1357 = EDGE_CURVE ( 'NONE', #2252, #2243, #1530, .T. ) ;
#1358 = EDGE_CURVE ( 'NONE', #1041, #588, #1704, .T. ) ;
#1359 = DIRECTION ( 'NONE',  ( 0.000000000000000000, 0.000000000000000000, 1.000000000000000000 ) ) ;
#1360 = CARTESIAN_POINT ( 'NONE',  ( 106.0000000000000000, 19.34643937705148176, -30.67795353267583991 ) ) ;
#1361 = ORIENTED_EDGE ( 'NONE', *, *, #1441, .F. ) ;
#1362 = DIRECTION ( 'NONE',  ( 0.000000000000000000, 0.000000000000000000, 1.000000000000000000 ) ) ;
#1363 = CARTESIAN_POINT ( 'NONE',  ( 87.64409174676690384, 85.00000000000000000, -83.00000000000000000 ) ) ;
#1364 = EDGE_LOOP ( 'NONE', ( #1068, #307 ) ) ;
#1365 = VERTEX_POINT ( 'NONE', #587 ) ;
#1366 = ORIENTED_EDGE ( 'NONE', *, *, #1598, .T. ) ;
#1367 = CARTESIAN_POINT ( 'NONE',  ( 87.64409174676690384, 33.65612680261466494, -74.71864294445722976 ) ) ;
#1368 = LINE ( 'NONE', #2326, #1792 ) ;
#1369 = LINE ( 'NONE', #2128, #2100 ) ;
#1370 = CARTESIAN_POINT ( 'NONE',  ( 70.00000000000000000, 51.34387319738507216, -15.28135705554221957 ) ) ;
#1371 = AXIS2_PLACEMENT_3D ( 'NONE', #678, #99, #1257 ) ;
#1372 = CARTESIAN_POINT ( 'NONE',  ( 110.0000000000000000, 51.34387319738516453, -64.71864294445849453 ) ) ;
#1373 = DIRECTION ( 'NONE',  ( 0.000000000000000000, 0.000000000000000000, 1.000000000000000000 ) ) ;
#1374 = VERTEX_POINT ( 'NONE', #1893 ) ;
#1375 = VERTEX_POINT ( 'NONE', #2245 ) ;
#1376 = EDGE_CURVE ( 'NONE', #1291, #1791, #642, .T. ) ;
#1377 = EDGE_CURVE ( 'NONE', #1182, #860, #320, .T. ) ;
#1378 = ORIENTED_EDGE ( 'NONE', *, *, #265, .T. ) ;
#1379 = CARTESIAN_POINT ( 'NONE',  ( 0.000000000000000000, 85.00000000000000000, -85.00000000000000000 ) ) ;
#1380 = LINE ( 'NONE', #1929, #1992 ) ;
#1381 = VECTOR ( 'NONE', #1568, 1000.000000000000000 ) ;
#1382 = CARTESIAN_POINT ( 'NONE',  ( 0.000000000000000000, 85.00000000000000000, -85.00000000000000000 ) ) ;
#1383 = CARTESIAN_POINT ( 'NONE',  ( 87.64409174676691805, 33.65612680261510548, -15.28135705554188561 ) ) ;
#1384 = AXIS2_PLACEMENT_3D ( 'NONE', #1605, #2036, #1033 ) ;
#1385 = FACE_BOUND ( 'NONE', #2152, .T. ) ;
#1386 = AXIS2_PLACEMENT_3D ( 'NONE', #1764, #638, #614 ) ;
#1387 = LINE ( 'NONE', #981, #1381 ) ;
#1388 = AXIS2_PLACEMENT_3D ( 'NONE', #152, #906, #1683 ) ;
#1389 = EDGE_LOOP ( 'NONE', ( #67, #660 ) ) ;
#1390 = EDGE_CURVE ( 'NONE', #2169, #262, #946, .T. ) ;
#1391 = LINE ( 'NONE', #2150, #2386 ) ;
#1392 = VECTOR ( 'NONE', #1162, 1000.000000000000000 ) ;
#1393 = EDGE_CURVE ( 'NONE', #1081, #419, #776, .T. ) ;
#1394 = ORIENTED_EDGE ( 'NONE', *, *, #1788, .T. ) ;
#1395 = AXIS2_PLACEMENT_3D ( 'NONE', #1811, #1214, #1422 ) ;
#1396 = CARTESIAN_POINT ( 'NONE',  ( 110.0000000000000000, 85.00000000000000000, -85.00000000000000000 ) ) ;
#1397 = PERSON_AND_ORGANIZATION_ROLE ( 'classification_officer' ) ;
#1398 = ORIENTED_EDGE ( 'NONE', *, *, #1209, .T. ) ;
#1399 = VECTOR ( 'NONE', #18, 1000.000000000000000 ) ;
#1400 = DIRECTION ( 'NONE',  ( 1.000000000000000000, -0.000000000000000000, -0.000000000000000000 ) ) ;
#1401 = CARTESIAN_POINT ( 'NONE',  ( 83.64409174676691805, 19.34643937705148176, -20.67795353267861103 ) ) ;
#1402 = DIRECTION ( 'NONE',  ( -1.000000000000000000, 0.000000000000000000, 0.000000000000000000 ) ) ;
#1403 = DIRECTION ( 'NONE',  ( 0.000000000000000000, 0.000000000000000000, -1.000000000000000000 ) ) ;
#1404 = ORIENTED_EDGE ( 'NONE', *, *, #1019, .F. ) ;
#1405 = LINE ( 'NONE', #1841, #568 ) ;
#1406 = EDGE_LOOP ( 'NONE', ( #157, #1038, #741, #2005 ) ) ;
#1407 = CARTESIAN_POINT ( 'NONE',  ( 70.00000000000000000, 71.11937485112767376, -42.50000000000000711 ) ) ;
#1408 = APPROVAL_ROLE ( '' ) ;
#1409 = EDGE_LOOP ( 'NONE', ( #1152, #2279 ) ) ;
#1410 = CARTESIAN_POINT ( 'NONE',  ( 110.0000000000000000, 19.34643937705121530, -54.32204646732360231 ) ) ;
#1411 = EDGE_CURVE ( 'NONE', #883, #891, #2256, .T. ) ;
#1412 = CARTESIAN_POINT ( 'NONE',  ( 87.64409174676690384, 65.65356062294878825, -59.32204646732279230 ) ) ;
#1413 = LINE ( 'NONE', #2172, #2309 ) ;
#1414 = EDGE_CURVE ( 'NONE', #1876, #519, #1819, .T. ) ;
#1415 = DIRECTION ( 'NONE',  ( 1.000000000000000000, -0.000000000000000000, -0.000000000000000000 ) ) ;
#1416 = ORIENTED_EDGE ( 'NONE', *, *, #509, .T. ) ;
#1417 = DIRECTION ( 'NONE',  ( 0.000000000000000000, 0.000000000000000000, -1.000000000000000000 ) ) ;
#1418 = EDGE_LOOP ( 'NONE', ( #868, #2306 ) ) ;
#1419 = CARTESIAN_POINT ( 'NONE',  ( 70.00000000000000000, 19.34643937705148176, -20.67795353267861103 ) ) ;
#1420 = ORIENTED_EDGE ( 'NONE', *, *, #49, .T. ) ;
#1421 = CARTESIAN_POINT ( 'NONE',  ( 70.00000000000000000, 33.65612680261466494, -74.71864294445722976 ) ) ;
#1422 = DIRECTION ( 'NONE',  ( 0.000000000000000000, 0.000000000000000000, -1.000000000000000000 ) ) ;
#1423 = ADVANCED_FACE ( 'NONE', ( #1311 ), #2414, .F. ) ;
#1424 = FACE_OUTER_BOUND ( 'NONE', #106, .T. ) ;
#1425 = CC_DESIGN_SECURITY_CLASSIFICATION ( #529, ( #1867 ) ) ;
#1426 = DIRECTION ( 'NONE',  ( 0.000000000000000000, 0.000000000000000000, -1.000000000000000000 ) ) ;
#1427 = ORIENTED_EDGE ( 'NONE', *, *, #1065, .T. ) ;
#1428 = DIRECTION ( 'NONE',  ( 1.000000000000000000, -0.000000000000000000, -0.000000000000000000 ) ) ;
#1429 = VECTOR ( 'NONE', #1415, 1000.000000000000000 ) ;
#1430 = AXIS2_PLACEMENT_3D ( 'NONE', #249, #1137, #2314 ) ;
#1431 = AXIS2_PLACEMENT_3D ( 'NONE', #957, #1517, #576 ) ;
#1432 = EDGE_LOOP ( 'NONE', ( #1885, #617 ) ) ;
#1433 = APPROVAL_STATUS ( 'not_yet_approved' ) ;
#1434 = VERTEX_POINT ( 'NONE', #2094 ) ;
#1435 = CIRCLE ( 'NONE', #1949, 4.999999999998943068 ) ;
#1436 = ORIENTED_EDGE ( 'NONE', *, *, #1357, .T. ) ;
#1437 = CARTESIAN_POINT ( 'NONE',  ( 0.000000000000000000, 85.00000000000000000, -85.00000000000000000 ) ) ;
#1438 = AXIS2_PLACEMENT_3D ( 'NONE', #164, #2240, #544 ) ;
#1439 = DIRECTION ( 'NONE',  ( 0.000000000000000000, 0.000000000000000000, -1.000000000000000000 ) ) ;
#1440 = EDGE_CURVE ( 'NONE', #1176, #1375, #2049, .T. ) ;
#1441 = EDGE_CURVE ( 'NONE', #1619, #1450, #2250, .T. ) ;
#1442 = AXIS2_PLACEMENT_3D ( 'NONE', #428, #1936, #1753 ) ;
#1443 = VECTOR ( 'NONE', #2159, 1000.000000000000000 ) ;
#1444 = CARTESIAN_POINT ( 'NONE',  ( 110.0000000000000000, 51.34387319738516453, -69.71864294445815347 ) ) ;
#1445 = CIRCLE ( 'NONE', #732, 4.999999999998817835 ) ;
#1446 = DIRECTION ( 'NONE',  ( 1.000000000000000000, 0.000000000000000000, 0.000000000000000000 ) ) ;
#1447 = EDGE_LOOP ( 'NONE', ( #391, #538, #1645, #2357 ) ) ;
#1448 = CARTESIAN_POINT ( 'NONE',  ( 83.64409174676690384, 19.34643937705121530, -59.32204646732241571 ) ) ;
#1449 = ADVANCED_FACE ( 'NONE', ( #2073 ), #1155, .F. ) ;
#1450 = VERTEX_POINT ( 'NONE', #1289 ) ;
#1451 = ORIENTED_EDGE ( 'NONE', *, *, #156, .T. ) ;
#1452 = CARTESIAN_POINT ( 'NONE',  ( 106.0000000000000000, 65.65356062294878825, -54.32204646732286335 ) ) ;
#1453 = CARTESIAN_POINT ( 'NONE',  ( 2.000000000000000000, 85.00000000000000000, -83.00000000000000000 ) ) ;
#1454 = PLANE ( 'NONE',  #1352 ) ;
#1455 = DIRECTION ( 'NONE',  ( 0.000000000000000000, 0.000000000000000000, -1.000000000000000000 ) ) ;
#1456 = ORIENTED_EDGE ( 'NONE', *, *, #231, .T. ) ;
#1457 = DIRECTION ( 'NONE',  ( 1.000000000000000000, 0.000000000000000000, 0.000000000000000000 ) ) ;
#1458 = ADVANCED_FACE ( 'NONE', ( #2235 ), #1111, .F. ) ;
#1459 = ORIENTED_EDGE ( 'NONE', *, *, #1393, .F. ) ;
#1460 = EDGE_CURVE ( 'NONE', #1450, #2098, #1503, .T. ) ;
#1461 = VERTEX_POINT ( 'NONE', #1883 ) ;
#1462 = CARTESIAN_POINT ( 'NONE',  ( 110.0000000000000000, 71.11937485112767376, -37.50000000000001421 ) ) ;
#1463 = DIRECTION ( 'NONE',  ( 0.000000000000000000, 0.000000000000000000, -1.000000000000000000 ) ) ;
#1464 = DIRECTION ( 'NONE',  ( 0.000000000000000000, 0.000000000000000000, -1.000000000000000000 ) ) ;
#1465 = CARTESIAN_POINT ( 'NONE',  ( 83.64409174676690384, 2.000000000000001776, -83.00000000000000000 ) ) ;
#1466 = ORIENTED_EDGE ( 'NONE', *, *, #1469, .T. ) ;
#1467 = CARTESIAN_POINT ( 'NONE',  ( 2.000000000000000000, 2.000000000000001776, -83.00000000000000000 ) ) ;
#1468 = CYLINDRICAL_SURFACE ( 'NONE', #250, 4.999999999999997335 ) ;
#1469 = EDGE_CURVE ( 'NONE', #1169, #961, #1699, .T. ) ;
#1470 = EDGE_CURVE ( 'NONE', #804, #196, #1073, .T. ) ;
#1471 = VECTOR ( 'NONE', #908, 1000.000000000000000 ) ;
#1472 = ORIENTED_EDGE ( 'NONE', *, *, #854, .T. ) ;
#1473 = AXIS2_PLACEMENT_3D ( 'NONE', #1094, #543, #2 ) ;
#1474 = VERTEX_POINT ( 'NONE', #2108 ) ;
#1475 = CARTESIAN_POINT ( 'NONE',  ( 110.0000000000000000, 13.88062514887305987, -42.49999999999976552 ) ) ;
#1476 = DIRECTION ( 'NONE',  ( 0.000000000000000000, 0.000000000000000000, -1.000000000000000000 ) ) ;
#1477 = AXIS2_PLACEMENT_3D ( 'NONE', #108, #1834, #119 ) ;
#1478 = AXIS2_PLACEMENT_3D ( 'NONE', #2053, #361, #745 ) ;
#1479 = LINE ( 'NONE', #362, #520 ) ;
#1480 = ORIENTED_EDGE ( 'NONE', *, *, #2395, .F. ) ;
#1481 = AXIS2_PLACEMENT_3D ( 'NONE', #398, #229, #1154 ) ;
#1482 = CARTESIAN_POINT ( 'NONE',  ( 57.00000000000001421, 2.000000000000001776, -2.000000000000000000 ) ) ;
#1483 = DIRECTION ( 'NONE',  ( 0.000000000000000000, 0.000000000000000000, -1.000000000000000000 ) ) ;
#1484 = EDGE_LOOP ( 'NONE', ( #1394, #1721, #1977, #845 ) ) ;
#1485 = ORIENTED_EDGE ( 'NONE', *, *, #1332, .F. ) ;
#1486 = DIRECTION ( 'NONE',  ( 0.000000000000000000, 0.000000000000000000, -1.000000000000000000 ) ) ;
#1487 = CARTESIAN_POINT ( 'NONE',  ( 106.0000000000000000, 2.000000000000001776, -2.000000000000000000 ) ) ;
#1488 = EDGE_CURVE ( 'NONE', #588, #1041, #442, .T. ) ;
#1489 = CARTESIAN_POINT ( 'NONE',  ( 70.00000000000000000, 71.11937485112767376, -42.50000000000000711 ) ) ;
#1490 = ADVANCED_FACE ( 'NONE', ( #232 ), #1773, .F. ) ;
#1491 = ORIENTED_EDGE ( 'NONE', *, *, #188, .F. ) ;
#1492 = DIRECTION ( 'NONE',  ( 0.000000000000000000, 0.000000000000000000, -1.000000000000000000 ) ) ;
#1493 = ORIENTED_EDGE ( 'NONE', *, *, #1441, .T. ) ;
#1494 = CARTESIAN_POINT ( 'NONE',  ( 70.00000000000000000, 51.34387319738507216, -20.28135705554222312 ) ) ;
#1495 = EDGE_LOOP ( 'NONE', ( #1088, #1716, #2051, #1612 ) ) ;
#1496 = EDGE_LOOP ( 'NONE', ( #168, #2331 ) ) ;
#1497 = CARTESIAN_POINT ( 'NONE',  ( 106.0000000000000000, 42.50000000000014211, -24.00000000000000355 ) ) ;
#1498 = DIRECTION ( 'NONE',  ( 0.000000000000000000, 0.000000000000000000, 1.000000000000000000 ) ) ;
#1499 = LINE ( 'NONE', #2278, #598 ) ;
#1500 = EDGE_CURVE ( 'NONE', #577, #359, #1387, .T. ) ;
#1501 = ORIENTED_EDGE ( 'NONE', *, *, #1580, .F. ) ;
#1502 = CARTESIAN_POINT ( 'NONE',  ( 87.64409174676690384, 65.65356062294878825, -64.32204646732273545 ) ) ;
#1503 = LINE ( 'NONE', #380, #2142 ) ;
#1504 = CC_DESIGN_APPROVAL ( #671, ( #529 ) ) ;
#1505 = VERTEX_POINT ( 'NONE', #258 ) ;
#1506 = VECTOR ( 'NONE', #1628, 1000.000000000000000 ) ;
#1507 = EDGE_LOOP ( 'NONE', ( #1727, #2081, #311, #1183 ) ) ;
#1508 = AXIS2_PLACEMENT_3D ( 'NONE', #924, #368, #1679 ) ;
#1509 = DIRECTION ( 'NONE',  ( 1.000000000000000000, 0.000000000000000000, 0.000000000000000000 ) ) ;
#1510 = CARTESIAN_POINT ( 'NONE',  ( 87.64409174676690384, 71.11937485112767376, -37.50000000000001421 ) ) ;
#1511 = AXIS2_PLACEMENT_3D ( 'NONE', #811, #622, #434 ) ;
#1512 = AXIS2_PLACEMENT_3D ( 'NONE', #1886, #593, #2088 ) ;
#1513 = DIRECTION ( 'NONE',  ( 1.000000000000000000, 0.000000000000000000, 0.000000000000000000 ) ) ;
#1514 = ADVANCED_FACE ( 'NONE', ( #269 ), #1972, .F. ) ;
#1515 = ORIENTED_EDGE ( 'NONE', *, *, #429, .F. ) ;
#1516 = CARTESIAN_POINT ( 'NONE',  ( 70.00000000000000000, 65.65356062294907247, -25.67795353267761982 ) ) ;
#1517 = DIRECTION ( 'NONE',  ( 1.000000000000000000, 0.000000000000000000, 0.000000000000000000 ) ) ;
#1518 = AXIS2_PLACEMENT_3D ( 'NONE', #1444, #849, #1772 ) ;
#1519 = VERTEX_POINT ( 'NONE', #62 ) ;
#1520 = EDGE_CURVE ( 'NONE', #547, #1365, #1021, .T. ) ;
#1521 = AXIS2_PLACEMENT_3D ( 'NONE', #1892, #2058, #935 ) ;
#1522 = EDGE_LOOP ( 'NONE', ( #684, #2388, #507, #928 ) ) ;
#1523 = CARTESIAN_POINT ( 'NONE',  ( 106.0000000000000000, 33.65612680261466494, -69.71864294445799715 ) ) ;
#1524 = APPLICATION_CONTEXT ( 'configuration controlled 3d designs of mechanical parts and assemblies' ) ;
#1525 = CARTESIAN_POINT ( 'NONE',  ( 0.000000000000000000, 0.000000000000000000, 0.000000000000000000 ) ) ;
#1526 = CARTESIAN_POINT ( 'NONE',  ( 106.0000000000000000, 19.34643937705148176, -25.67795353267722547 ) ) ;
#1527 = DIRECTION ( 'NONE',  ( 0.000000000000000000, 0.000000000000000000, -1.000000000000000000 ) ) ;
#1528 = ORIENTED_EDGE ( 'NONE', *, *, #1879, .F. ) ;
#1529 = DIRECTION ( 'NONE',  ( 0.000000000000000000, 0.000000000000000000, -1.000000000000000000 ) ) ;
#1530 = LINE ( 'NONE', #2255, #1937 ) ;
#1531 = VERTEX_POINT ( 'NONE', #834 ) ;
#1532 = EDGE_LOOP ( 'NONE', ( #1361, #1557, #2125, #2431 ) ) ;
#1533 = EDGE_CURVE ( 'NONE', #1145, #2003, #452, .T. ) ;
#1534 = ORIENTED_EDGE ( 'NONE', *, *, #590, .F. ) ;
#1535 = DIRECTION ( 'NONE',  ( 1.000000000000000000, 0.000000000000000000, 9.450491100985239750E-17 ) ) ;
#1536 = DIRECTION ( 'NONE',  ( 0.000000000000000000, 0.000000000000000000, 1.000000000000000000 ) ) ;
#1537 = DIRECTION ( 'NONE',  ( 0.000000000000000000, 0.000000000000000000, 1.000000000000000000 ) ) ;
#1538 = CARTESIAN_POINT ( 'NONE',  ( 83.64409174676691805, 19.34643937705148176, -25.67795353267722547 ) ) ;
#1539 = EDGE_LOOP ( 'NONE', ( #2224, #220, #2373, #1881 ) ) ;
#1540 = FACE_BOUND ( 'NONE', #843, .T. ) ;
#1541 = LINE ( 'NONE', #2343, #2338 ) ;
#1542 = ORIENTED_EDGE ( 'NONE', *, *, #625, .F. ) ;
#1543 = ORIENTED_EDGE ( 'NONE', *, *, #1723, .T. ) ;
#1544 = EDGE_CURVE ( 'NONE', #1531, #186, #1541, .T. ) ;
#1545 = ORIENTED_EDGE ( 'NONE', *, *, #1692, .F. ) ;
#1546 = EDGE_CURVE ( 'NONE', #419, #1365, #1298, .T. ) ;
#1547 = LINE ( 'NONE', #949, #1552 ) ;
#1548 = AXIS2_PLACEMENT_3D ( 'NONE', #933, #1513, #556 ) ;
#1549 = AXIS2_PLACEMENT_3D ( 'NONE', #1058, #1637, #485 ) ;
#1550 = DIRECTION ( 'NONE',  ( 1.000000000000000000, 0.000000000000000000, 0.000000000000000000 ) ) ;
#1551 = LINE ( 'NONE', #2305, #212 ) ;
#1552 = VECTOR ( 'NONE', #1535, 1000.000000000000000 ) ;
#1553 = ORIENTED_EDGE ( 'NONE', *, *, #2395, .T. ) ;
#1554 = CARTESIAN_POINT ( 'NONE',  ( 83.64409174676691805, 33.65612680261510548, -10.28135705554294432 ) ) ;
#1555 = CARTESIAN_POINT ( 'NONE',  ( 106.0000000000000000, 19.34643937705121530, -59.32204646732241571 ) ) ;
#1556 = AXIS2_PLACEMENT_3D ( 'NONE', #31, #214, #650 ) ;
#1557 = ORIENTED_EDGE ( 'NONE', *, *, #181, .T. ) ;
#1558 = ORIENTED_EDGE ( 'NONE', *, *, #394, .F. ) ;
#1559 = APPROVAL_PERSON_ORGANIZATION ( #2372, #2348, #1794 ) ;
#1560 = CIRCLE ( 'NONE', #767, 4.999999999999997335 ) ;
#1561 = VERTEX_POINT ( 'NONE', #2293 ) ;
#1562 = CIRCLE ( 'NONE', #1521, 4.999999999998817835 ) ;
#1563 = DIRECTION ( 'NONE',  ( 0.000000000000000000, 0.000000000000000000, -1.000000000000000000 ) ) ;
#1564 = DIRECTION ( 'NONE',  ( 0.000000000000000000, 0.000000000000000000, -1.000000000000000000 ) ) ;
#1565 = DIRECTION ( 'NONE',  ( 0.000000000000000000, 0.000000000000000000, -1.000000000000000000 ) ) ;
#1566 = CARTESIAN_POINT ( 'NONE',  ( 70.00000000000000000, 13.88062514887305987, -47.49999999999830891 ) ) ;
#1567 = CARTESIAN_POINT ( 'NONE',  ( 106.0000000000000000, 51.34387319738507216, -15.28135705554221957 ) ) ;
#1568 = DIRECTION ( 'NONE',  ( -1.713307136767216850E-16, -0.000000000000000000, -1.000000000000000000 ) ) ;
#1569 = EDGE_CURVE ( 'NONE', #359, #840, #815, .T. ) ;
#1570 = EDGE_CURVE ( 'NONE', #47, #2212, #9, .T. ) ;
#1571 = EDGE_LOOP ( 'NONE', ( #880, #990, #1596, #2042 ) ) ;
#1572 = DIRECTION ( 'NONE',  ( 0.000000000000000000, 0.000000000000000000, 1.000000000000000000 ) ) ;
#1573 = ORIENTED_EDGE ( 'NONE', *, *, #1726, .F. ) ;
#1574 = DIRECTION ( 'NONE',  ( 0.000000000000000000, -1.000000000000000000, 0.000000000000000000 ) ) ;
#1575 = CYLINDRICAL_SURFACE ( 'NONE', #371, 4.999999999998817835 ) ;
#1576 = DIRECTION ( 'NONE',  ( -1.000000000000000000, 0.000000000000000000, 1.713307136767216850E-16 ) ) ;
#1577 = DIRECTION ( 'NONE',  ( 0.000000000000000000, 0.000000000000000000, -1.000000000000000000 ) ) ;
#1578 = VECTOR ( 'NONE', #2162, 1000.000000000000000 ) ;
#1579 = PLANE ( 'NONE',  #1199 ) ;
#1580 = EDGE_CURVE ( 'NONE', #2439, #2212, #464, .T. ) ;
#1581 = CARTESIAN_POINT ( 'NONE',  ( 106.0000000000000000, 42.50000000000014211, -61.00000000000001421 ) ) ;
#1582 = ORIENTED_EDGE ( 'NONE', *, *, #972, .T. ) ;
#1583 = ORIENTED_EDGE ( 'NONE', *, *, #1724, .T. ) ;
#1584 = EDGE_LOOP ( 'NONE', ( #835, #1336 ) ) ;
#1585 = DIRECTION ( 'NONE',  ( 1.000000000000000000, -0.000000000000000000, -0.000000000000000000 ) ) ;
#1586 = SHAPE_DEFINITION_REPRESENTATION ( #685, #221 ) ;
#1587 = DIRECTION ( 'NONE',  ( -0.000000000000000000, -1.000000000000000000, -0.000000000000000000 ) ) ;
#1588 = CARTESIAN_POINT ( 'NONE',  ( 70.00000000000000000, 65.65356062294907247, -25.67795353267761982 ) ) ;
#1589 = CIRCLE ( 'NONE', #399, 4.999999999999997335 ) ;
#1590 = CARTESIAN_POINT ( 'NONE',  ( 0.000000000000000000, 42.50000000000014211, -42.50000000000000711 ) ) ;
#1591 = DIRECTION ( 'NONE',  ( 1.000000000000000000, -0.000000000000000000, -0.000000000000000000 ) ) ;
#1592 = VECTOR ( 'NONE', #422, 1000.000000000000000 ) ;
#1593 = ORIENTED_EDGE ( 'NONE', *, *, #792, .T. ) ;
#1594 = LINE ( 'NONE', #506, #227 ) ;
#1595 = AXIS2_PLACEMENT_3D ( 'NONE', #2091, #2129, #832 ) ;
#1596 = ORIENTED_EDGE ( 'NONE', *, *, #126, .T. ) ;
#1597 = AXIS2_PLACEMENT_3D ( 'NONE', #486, #1044, #1070 ) ;
#1598 = EDGE_CURVE ( 'NONE', #1505, #574, #1011, .T. ) ;
#1599 = DIRECTION ( 'NONE',  ( -1.000000000000000000, -0.000000000000000000, -0.000000000000000000 ) ) ;
#1600 = PERSON_AND_ORGANIZATION ( #1993, #2420 ) ;
#1601 = VERTEX_POINT ( 'NONE', #1168 ) ;
#1602 = LINE ( 'NONE', #2180, #91 ) ;
#1603 = FACE_OUTER_BOUND ( 'NONE', #1787, .T. ) ;
#1604 = DIRECTION ( 'NONE',  ( -0.000000000000000000, 1.000000000000000000, -0.000000000000000000 ) ) ;
#1605 = CARTESIAN_POINT ( 'NONE',  ( 2.000000000000000000, 42.50000000000014211, -42.50000000000000711 ) ) ;
#1606 = ORIENTED_EDGE ( 'NONE', *, *, #1569, .F. ) ;
#1607 = DIRECTION ( 'NONE',  ( 1.713307136767216850E-16, 0.000000000000000000, 1.000000000000000000 ) ) ;
#1608 = ORIENTED_EDGE ( 'NONE', *, *, #1544, .F. ) ;
#1609 = CARTESIAN_POINT ( 'NONE',  ( 59.00000000000001421, 2.000000000000001776, -83.00000000000000000 ) ) ;
#1610 = EDGE_CURVE ( 'NONE', #245, #519, #1190, .T. ) ;
#1611 = APPLICATION_PROTOCOL_DEFINITION ( 'international standard', 'config_control_design', 1994, #1774 ) ;
#1612 = ORIENTED_EDGE ( 'NONE', *, *, #1533, .F. ) ;
#1613 = FACE_BOUND ( 'NONE', #60, .T. ) ;
#1614 = LINE ( 'NONE', #2375, #844 ) ;
#1615 = CARTESIAN_POINT ( 'NONE',  ( 106.0000000000000000, 42.50000000000014211, -42.50000000000000711 ) ) ;
#1616 = CARTESIAN_POINT ( 'NONE',  ( 83.64409174676690384, 65.65356062294878825, -54.32204646732286335 ) ) ;
#1617 = ORIENTED_EDGE ( 'NONE', *, *, #1007, .T. ) ;
#1618 = DIRECTION ( 'NONE',  ( 1.000000000000000000, -0.000000000000000000, -0.000000000000000000 ) ) ;
#1619 = VERTEX_POINT ( 'NONE', #1920 ) ;
#1620 = EDGE_CURVE ( 'NONE', #1791, #804, #1736, .T. ) ;
#1621 = EDGE_CURVE ( 'NONE', #15, #1830, #799, .T. ) ;
#1622 = DATE_AND_TIME ( #1066, #2226 ) ;
#1623 = EDGE_LOOP ( 'NONE', ( #1258, #2074 ) ) ;
#1624 = DIRECTION ( 'NONE',  ( 1.000000000000000000, 0.000000000000000000, 0.000000000000000000 ) ) ;
#1625 = AXIS2_PLACEMENT_3D ( 'NONE', #2271, #390, #2429 ) ;
#1626 = CARTESIAN_POINT ( 'NONE',  ( 80.00000000000000000, 42.50000000000014211, -61.00000000000001421 ) ) ;
#1627 = DIRECTION ( 'NONE',  ( 0.000000000000000000, 0.000000000000000000, 1.000000000000000000 ) ) ;
#1628 = DIRECTION ( 'NONE',  ( 1.000000000000000000, -0.000000000000000000, -0.000000000000000000 ) ) ;
#1629 = VERTEX_POINT ( 'NONE', #1581 ) ;
#1630 = DIRECTION ( 'NONE',  ( 1.000000000000000000, 0.000000000000000000, -1.713307136767216850E-16 ) ) ;
#1631 = AXIS2_PLACEMENT_3D ( 'NONE', #1253, #2023, #96 ) ;
#1632 = CIRCLE ( 'NONE', #333, 4.999999999999657163 ) ;
#1633 = ORIENTED_EDGE ( 'NONE', *, *, #2056, .F. ) ;
#1634 = APPROVAL_DATE_TIME ( #1622, #671 ) ;
#1635 = VECTOR ( 'NONE', #1855, 1000.000000000000000 ) ;
#1636 = EDGE_LOOP ( 'NONE', ( #1998, #1975, #2273, #1922 ) ) ;
#1637 = DIRECTION ( 'NONE',  ( 1.000000000000000000, 0.000000000000000000, -1.713307136767216850E-16 ) ) ;
#1638 = LINE ( 'NONE', #1223, #2066 ) ;
#1639 = CIRCLE ( 'NONE', #694, 4.999999999999241496 ) ;
#1640 = AXIS2_PLACEMENT_3D ( 'NONE', #1615, #2366, #2012 ) ;
#1641 = DIRECTION ( 'NONE',  ( -1.000000000000000000, 0.000000000000000000, -0.000000000000000000 ) ) ;
#1642 = AXIS2_PLACEMENT_3D ( 'NONE', #1567, #636, #814 ) ;
#1643 = LINE ( 'NONE', #876, #1742 ) ;
#1644 = EDGE_CURVE ( 'NONE', #7, #904, #993, .T. ) ;
#1645 = ORIENTED_EDGE ( 'NONE', *, *, #2017, .T. ) ;
#1646 = CARTESIAN_POINT ( 'NONE',  ( 106.0000000000000000, 2.000000000000001776, -2.000000000000000000 ) ) ;
#1647 = EDGE_CURVE ( 'NONE', #359, #186, #2330, .T. ) ;
#1648 = VERTEX_POINT ( 'NONE', #1785 ) ;
#1649 = ORIENTED_EDGE ( 'NONE', *, *, #2166, .T. ) ;
#1650 = DIRECTION ( 'NONE',  ( 1.000000000000000000, -0.000000000000000000, -0.000000000000000000 ) ) ;
#1651 = CARTESIAN_POINT ( 'NONE',  ( 2.000000000000000000, 42.50000000000014211, -42.50000000000000711 ) ) ;
#1652 = DIRECTION ( 'NONE',  ( 1.000000000000000000, -0.000000000000000000, -0.000000000000000000 ) ) ;
#1653 = EDGE_CURVE ( 'NONE', #15, #2179, #838, .T. ) ;
#1654 = CARTESIAN_POINT ( 'NONE',  ( 110.0000000000000000, 65.65356062294878825, -59.32204646732279230 ) ) ;
#1655 = VERTEX_POINT ( 'NONE', #306 ) ;
#1656 = CARTESIAN_POINT ( 'NONE',  ( 87.64409174676690384, 51.34387319738516453, -74.71864294445781240 ) ) ;
#1657 = DIRECTION ( 'NONE',  ( 1.000000000000000000, 0.000000000000000000, -1.713307136767216850E-16 ) ) ;
#1658 = ORIENTED_EDGE ( 'NONE', *, *, #394, .T. ) ;
#1659 = ORIENTED_EDGE ( 'NONE', *, *, #535, .T. ) ;
#1660 = DIRECTION ( 'NONE',  ( 1.000000000000000000, 0.000000000000000000, -1.713307136767216850E-16 ) ) ;
#1661 = DIRECTION ( 'NONE',  ( -1.000000000000000000, 0.000000000000000000, 1.713307136767216850E-16 ) ) ;
#1662 = DIRECTION ( 'NONE',  ( 0.000000000000000000, 0.000000000000000000, -1.000000000000000000 ) ) ;
#1663 = EDGE_LOOP ( 'NONE', ( #1501, #1573, #2344, #2188 ) ) ;
#1664 = CARTESIAN_POINT ( 'NONE',  ( 57.00000000000001421, 43.61936315012827237, -80.01314744071343910 ) ) ;
#1665 = LINE ( 'NONE', #90, #1082 ) ;
#1666 = VECTOR ( 'NONE', #1139, 1000.000000000000000 ) ;
#1667 = ORIENTED_EDGE ( 'NONE', *, *, #1874, .F. ) ;
#1668 = AXIS2_PLACEMENT_3D ( 'NONE', #2277, #609, #1359 ) ;
#1669 = AXIS2_PLACEMENT_3D ( 'NONE', #553, #1672, #2215 ) ;
#1670 = ADVANCED_FACE ( 'NONE', ( #890 ), #664, .F. ) ;
#1671 = ORIENTED_EDGE ( 'NONE', *, *, #2321, .F. ) ;
#1672 = DIRECTION ( 'NONE',  ( -1.000000000000000000, 0.000000000000000000, 0.000000000000000000 ) ) ;
#1673 = FACE_BOUND ( 'NONE', #1891, .T. ) ;
#1674 = EDGE_CURVE ( 'NONE', #1908, #2016, #1643, .T. ) ;
#1675 = CARTESIAN_POINT ( 'NONE',  ( 70.00000000000000000, 33.65612680261510548, -15.28135705554188561 ) ) ;
#1676 = CIRCLE ( 'NONE', #608, 4.999999999998613553 ) ;
#1677 = EDGE_LOOP ( 'NONE', ( #1049, #2247, #1067, #778 ) ) ;
#1678 = FACE_OUTER_BOUND ( 'NONE', #87, .T. ) ;
#1679 = DIRECTION ( 'NONE',  ( 0.000000000000000000, 0.000000000000000000, -1.000000000000000000 ) ) ;
#1680 = EDGE_LOOP ( 'NONE', ( #1034, #1633, #564, #1023 ) ) ;
#1681 = ORIENTED_EDGE ( 'NONE', *, *, #873, .T. ) ;
#1682 = EDGE_CURVE ( 'NONE', #2362, #378, #900, .T. ) ;
#1683 = DIRECTION ( 'NONE',  ( 0.000000000000000000, 0.000000000000000000, 1.000000000000000000 ) ) ;
#1684 = FACE_OUTER_BOUND ( 'NONE', #852, .T. ) ;
#1685 = LINE ( 'NONE', #1129, #1471 ) ;
#1686 = EDGE_LOOP ( 'NONE', ( #1671, #567, #1847, #1485 ) ) ;
#1687 = DIRECTION ( 'NONE',  ( 0.000000000000000000, 0.000000000000000000, 1.000000000000000000 ) ) ;
#1688 = DIRECTION ( 'NONE',  ( 0.000000000000000000, 0.000000000000000000, -1.000000000000000000 ) ) ;
#1689 = ORIENTED_EDGE ( 'NONE', *, *, #1674, .F. ) ;
#1690 = ORIENTED_EDGE ( 'NONE', *, *, #430, .F. ) ;
#1691 = EDGE_CURVE ( 'NONE', #1955, #532, #146, .T. ) ;
#1692 = EDGE_CURVE ( 'NONE', #2076, #262, #2380, .T. ) ;
#1693 = CARTESIAN_POINT ( 'NONE',  ( 70.00000000000000000, 13.88062514887305987, -42.49999999999976552 ) ) ;
#1694 = PLANE ( 'NONE',  #960 ) ;
#1695 = DIRECTION ( 'NONE',  ( 1.000000000000000000, -0.000000000000000000, -0.000000000000000000 ) ) ;
#1696 = ORIENTED_EDGE ( 'NONE', *, *, #324, .T. ) ;
#1697 = EDGE_CURVE ( 'NONE', #717, #2137, #1188, .T. ) ;
#1698 = LINE ( 'NONE', #1099, #1243 ) ;
#1699 = LINE ( 'NONE', #10, #1827 ) ;
#1700 = AXIS2_PLACEMENT_3D ( 'NONE', #355, #218, #549 ) ;
#1701 = VERTEX_POINT ( 'NONE', #2209 ) ;
#1702 = CIRCLE ( 'NONE', #1548, 4.999999999998540723 ) ;
#1703 = ORIENTED_EDGE ( 'NONE', *, *, #1952, .T. ) ;
#1704 = CIRCLE ( 'NONE', #1625, 4.999999999998817835 ) ;
#1705 = DIRECTION ( 'NONE',  ( 1.000000000000000000, 0.000000000000000000, -1.713307136767216850E-16 ) ) ;
#1706 = CARTESIAN_POINT ( 'NONE',  ( 80.00000000000000000, 42.50000000000014211, -42.50000000000000711 ) ) ;
#1707 = FACE_BOUND ( 'NONE', #1418, .T. ) ;
#1708 = DIRECTION ( 'NONE',  ( 1.000000000000000000, -0.000000000000000000, -0.000000000000000000 ) ) ;
#1709 = ORIENTED_EDGE ( 'NONE', *, *, #127, .F. ) ;
#1710 = CARTESIAN_POINT ( 'NONE',  ( 110.0000000000000000, 85.00000000000000000, 0.000000000000000000 ) ) ;
#1711 = EDGE_CURVE ( 'NONE', #1875, #2291, #2377, .T. ) ;
#1712 = DIRECTION ( 'NONE',  ( 1.000000000000000000, -0.000000000000000000, -0.000000000000000000 ) ) ;
#1713 = EDGE_LOOP ( 'NONE', ( #985, #639 ) ) ;
#1714 = CIRCLE ( 'NONE', #894, 18.50000000000000355 ) ;
#1715 = EDGE_LOOP ( 'NONE', ( #392, #1493 ) ) ;
#1716 = ORIENTED_EDGE ( 'NONE', *, *, #706, .T. ) ;
#1717 = FACE_BOUND ( 'NONE', #1918, .T. ) ;
#1718 = CARTESIAN_POINT ( 'NONE',  ( 87.64409174676691805, 2.000000000000001776, -2.000000000000001776 ) ) ;
#1719 = DIRECTION ( 'NONE',  ( 0.000000000000000000, 0.000000000000000000, -1.000000000000000000 ) ) ;
#1720 = CARTESIAN_POINT ( 'NONE',  ( 87.64409174676690384, 42.50000000000014211, -61.00000000000001421 ) ) ;
#1721 = ORIENTED_EDGE ( 'NONE', *, *, #2187, .T. ) ;
#1722 = FACE_BOUND ( 'NONE', #896, .T. ) ;
#1723 = EDGE_CURVE ( 'NONE', #961, #532, #1783, .T. ) ;
#1724 = EDGE_CURVE ( 'NONE', #1221, #478, #325, .T. ) ;
#1725 = CARTESIAN_POINT ( 'NONE',  ( 70.00000000000000000, 71.11937485112767376, -37.50000000000001421 ) ) ;
#1726 = EDGE_CURVE ( 'NONE', #1561, #2439, #246, .T. ) ;
#1727 = ORIENTED_EDGE ( 'NONE', *, *, #2287, .F. ) ;
#1728 = DIRECTION ( 'NONE',  ( -1.000000000000000000, 0.000000000000000000, 1.713307136767216850E-16 ) ) ;
#1729 = ORIENTED_EDGE ( 'NONE', *, *, #1052, .T. ) ;
#1730 = FACE_OUTER_BOUND ( 'NONE', #1074, .T. ) ;
#1731 = LINE ( 'NONE', #1718, #59 ) ;
#1732 = PLANE ( 'NONE',  #298 ) ;
#1733 = CARTESIAN_POINT ( 'NONE',  ( 110.0000000000000000, 0.000000000000000000, 0.000000000000000000 ) ) ;
#1734 = EDGE_LOOP ( 'NONE', ( #948, #65 ) ) ;
#1735 = DIRECTION ( 'NONE',  ( 0.000000000000000000, 0.000000000000000000, -1.000000000000000000 ) ) ;
#1736 = LINE ( 'NONE', #1180, #992 ) ;
#1737 = ORIENTED_EDGE ( 'NONE', *, *, #537, .T. ) ;
#1738 = EDGE_LOOP ( 'NONE', ( #796, #187 ) ) ;
#1739 = EDGE_LOOP ( 'NONE', ( #2421, #959 ) ) ;
#1740 = FACE_BOUND ( 'NONE', #2407, .T. ) ;
#1741 =( NAMED_UNIT ( * ) PLANE_ANGLE_UNIT ( ) SI_UNIT ( $, .RADIAN. ) );
#1742 = VECTOR ( 'NONE', #332, 1000.000000000000000 ) ;
#1743 = ADVANCED_FACE ( 'NONE', ( #1225, #1986 ), #491, .T. ) ;
#1744 = AXIS2_PLACEMENT_3D ( 'NONE', #2032, #326, #2398 ) ;
#1745 = CARTESIAN_POINT ( 'NONE',  ( 110.0000000000000000, 65.65356062294878825, -54.32204646732286335 ) ) ;
#1746 = ADVANCED_FACE ( 'NONE', ( #2013 ), #1265, .F. ) ;
#1747 = DIRECTION ( 'NONE',  ( 0.000000000000000000, 0.000000000000000000, 1.000000000000000000 ) ) ;
#1748 = EDGE_LOOP ( 'NONE', ( #895, #205, #1690, #1309 ) ) ;
#1749 = DIRECTION ( 'NONE',  ( 0.000000000000000000, 0.000000000000000000, -1.000000000000000000 ) ) ;
#1750 = DIRECTION ( 'NONE',  ( -1.000000000000000000, 0.000000000000000000, 1.713307136767216850E-16 ) ) ;
#1751 = AXIS2_PLACEMENT_3D ( 'NONE', #1370, #1187, #1577 ) ;
#1752 = ORIENTED_EDGE ( 'NONE', *, *, #1644, .T. ) ;
#1753 = DIRECTION ( 'NONE',  ( 0.000000000000000000, 0.000000000000000000, 1.000000000000000000 ) ) ;
#1754 = CC_DESIGN_APPROVAL ( #1985, ( #856 ) ) ;
#1755 = CIRCLE ( 'NONE', #178, 4.999999999999657163 ) ;
#1756 = ORIENTED_EDGE ( 'NONE', *, *, #912, .T. ) ;
#1757 = AXIS2_PLACEMENT_3D ( 'NONE', #379, #1131, #956 ) ;
#1758 = FACE_BOUND ( 'NONE', #162, .T. ) ;
#1759 = CARTESIAN_POINT ( 'NONE',  ( 70.00000000000000000, 19.34643937705121530, -59.32204646732241571 ) ) ;
#1760 = EDGE_CURVE ( 'NONE', #1853, #577, #1275, .T. ) ;
#1761 = CYLINDRICAL_SURFACE ( 'NONE', #338, 18.50000000000000355 ) ;
#1762 = DIRECTION ( 'NONE',  ( 0.000000000000000000, 0.000000000000000000, -1.000000000000000000 ) ) ;
#1763 = FACE_BOUND ( 'NONE', #1765, .T. ) ;
#1764 = CARTESIAN_POINT ( 'NONE',  ( 70.00000000000000000, 19.34643937705121530, -59.32204646732241571 ) ) ;
#1765 = EDGE_LOOP ( 'NONE', ( #1935, #2427 ) ) ;
#1766 = CARTESIAN_POINT ( 'NONE',  ( 87.64409174676691805, 85.00000000000000000, -2.000000000000001776 ) ) ;
#1767 = ORIENTED_EDGE ( 'NONE', *, *, #156, .F. ) ;
#1768 = FACE_OUTER_BOUND ( 'NONE', #1680, .T. ) ;
#1769 = CALENDAR_DATE ( 2026, 4, 9 ) ;
#1770 = DIRECTION ( 'NONE',  ( -1.000000000000000000, -0.000000000000000000, -0.000000000000000000 ) ) ;
#1771 = FACE_OUTER_BOUND ( 'NONE', #348, .T. ) ;
#1772 = DIRECTION ( 'NONE',  ( 0.000000000000000000, 0.000000000000000000, -1.000000000000000000 ) ) ;
#1773 = CYLINDRICAL_SURFACE ( 'NONE', #1386, 4.999999999998817835 ) ;
#1774 = APPLICATION_CONTEXT ( 'configuration controlled 3d designs of mechanical parts and assemblies' ) ;
#1775 = EDGE_CURVE ( 'NONE', #1290, #1098, #166, .T. ) ;
#1776 = ORIENTED_EDGE ( 'NONE', *, *, #2364, .T. ) ;
#1777 = ORIENTED_EDGE ( 'NONE', *, *, #1128, .F. ) ;
#1778 = ORIENTED_EDGE ( 'NONE', *, *, #1414, .T. ) ;
#1779 = DIRECTION ( 'NONE',  ( 1.713307136767216850E-16, 0.000000000000000000, 1.000000000000000000 ) ) ;
#1780 = ORIENTED_EDGE ( 'NONE', *, *, #2017, .F. ) ;
#1781 = DIRECTION ( 'NONE',  ( 0.000000000000000000, 0.000000000000000000, 1.000000000000000000 ) ) ;
#1782 = CARTESIAN_POINT ( 'NONE',  ( 110.0000000000000000, 33.65612680261466494, -74.71864294445722976 ) ) ;
#1783 = CIRCLE ( 'NONE', #558, 4.999999999999997335 ) ;
#1784 = DIRECTION ( 'NONE',  ( -1.000000000000000000, 0.000000000000000000, 0.000000000000000000 ) ) ;
#1785 = CARTESIAN_POINT ( 'NONE',  ( 57.00000000000000711, 2.000000000000001776, -83.00000000000000000 ) ) ;
#1786 = AXIS2_PLACEMENT_3D ( 'NONE', #931, #163, #2239 ) ;
#1787 = EDGE_LOOP ( 'NONE', ( #2284, #2214, #1, #404 ) ) ;
#1788 = EDGE_CURVE ( 'NONE', #2402, #1461, #1048, .T. ) ;
#1789 = DIRECTION ( 'NONE',  ( 1.000000000000000000, -0.000000000000000000, -0.000000000000000000 ) ) ;
#1790 = AXIS2_PLACEMENT_3D ( 'NONE', #472, #1980, #290 ) ;
#1791 = VERTEX_POINT ( 'NONE', #1616 ) ;
#1792 = VECTOR ( 'NONE', #807, 1000.000000000000000 ) ;
#1793 = DIRECTION ( 'NONE',  ( 1.000000000000000000, 0.000000000000000000, 0.000000000000000000 ) ) ;
#1794 = APPROVAL_ROLE ( '' ) ;
#1795 = AXIS2_PLACEMENT_3D ( 'NONE', #1035, #1789, #855 ) ;
#1796 = VERTEX_POINT ( 'NONE', #1823 ) ;
#1797 = LINE ( 'NONE', #1979, #482 ) ;
#1798 = CARTESIAN_POINT ( 'NONE',  ( 110.0000000000000000, 33.65612680261466494, -69.71864294445799715 ) ) ;
#1799 = CARTESIAN_POINT ( 'NONE',  ( 83.64409174676691805, 2.000000000000001776, -2.000000000000001776 ) ) ;
#1800 = CARTESIAN_POINT ( 'NONE',  ( 0.000000000000000000, 0.000000000000000000, 0.000000000000000000 ) ) ;
#1801 = ORIENTED_EDGE ( 'NONE', *, *, #74, .F. ) ;
#1802 = EDGE_CURVE ( 'NONE', #1145, #456, #50, .T. ) ;
#1803 = ADVANCED_FACE ( 'NONE', ( #155 ), #1286, .F. ) ;
#1804 = CARTESIAN_POINT ( 'NONE',  ( 106.0000000000000000, 65.65356062294907247, -25.67795353267761982 ) ) ;
#1805 = PRODUCT_RELATED_PRODUCT_CATEGORY ( 'detail', '', ( #349 ) ) ;
#1806 = ORIENTED_EDGE ( 'NONE', *, *, #1019, .T. ) ;
#1807 = CARTESIAN_POINT ( 'NONE',  ( 87.64409174676690384, 19.34643937705121530, -64.32204646732122910 ) ) ;
#1808 = DATE_AND_TIME ( #104, #1907 ) ;
#1809 = ORIENTED_EDGE ( 'NONE', *, *, #517, .F. ) ;
#1810 = CARTESIAN_POINT ( 'NONE',  ( 87.64409174676691805, 19.34643937705148176, -25.67795353267722547 ) ) ;
#1811 = CARTESIAN_POINT ( 'NONE',  ( 70.00000000000000000, 33.65612680261466494, -69.71864294445799715 ) ) ;
#1812 = DIRECTION ( 'NONE',  ( 0.000000000000000000, -0.000000000000000000, 1.000000000000000000 ) ) ;
#1813 = CARTESIAN_POINT ( 'NONE',  ( 83.64409174676691805, 51.34387319738507216, -15.28135705554221957 ) ) ;
#1814 = ORIENTED_EDGE ( 'NONE', *, *, #1105, .T. ) ;
#1815 = FACE_OUTER_BOUND ( 'NONE', #1571, .T. ) ;
#1816 = ORIENTED_EDGE ( 'NONE', *, *, #1086, .T. ) ;
#1817 = ORIENTED_EDGE ( 'NONE', *, *, #1328, .T. ) ;
#1818 = FACE_BOUND ( 'NONE', #1389, .T. ) ;
#1819 = CIRCLE ( 'NONE', #240, 4.999999999998613553 ) ;
#1820 = DIRECTION ( 'NONE',  ( 1.000000000000000000, -0.000000000000000000, -0.000000000000000000 ) ) ;
#1821 = PLANE ( 'NONE',  #1241 ) ;
#1822 = EDGE_CURVE ( 'NONE', #1791, #1291, #798, .T. ) ;
#1823 = CARTESIAN_POINT ( 'NONE',  ( 83.64409174676690384, 19.34643937705121530, -64.32204646732122910 ) ) ;
#1824 = VECTOR ( 'NONE', #1839, 1000.000000000000000 ) ;
#1825 = ORIENTED_EDGE ( 'NONE', *, *, #760, .T. ) ;
#1826 = LINE ( 'NONE', #655, #1578 ) ;
#1827 = VECTOR ( 'NONE', #761, 1000.000000000000000 ) ;
#1828 = CIRCLE ( 'NONE', #2259, 4.999999999999993783 ) ;
#1829 = VECTOR ( 'NONE', #1994, 1000.000000000000000 ) ;
#1830 = VERTEX_POINT ( 'NONE', #2410 ) ;
#1831 = CIRCLE ( 'NONE', #1904, 4.999999999999935163 ) ;
#1832 = ORIENTED_EDGE ( 'NONE', *, *, #1256, .F. ) ;
#1833 = DIRECTION ( 'NONE',  ( 1.000000000000000000, -0.000000000000000000, -0.000000000000000000 ) ) ;
#1834 = DIRECTION ( 'NONE',  ( 0.000000000000000000, -1.000000000000000000, 0.000000000000000000 ) ) ;
#1835 = EDGE_CURVE ( 'NONE', #150, #219, #1702, .T. ) ;
#1836 = AXIS2_PLACEMENT_3D ( 'NONE', #1085, #1264, #2400 ) ;
#1837 = DIRECTION ( 'NONE',  ( 1.000000000000000000, 0.000000000000000000, -1.713307136767216850E-16 ) ) ;
#1838 = VECTOR ( 'NONE', #1882, 1000.000000000000000 ) ;
#1839 = DIRECTION ( 'NONE',  ( 1.000000000000000000, 0.000000000000000000, 1.759776231360189123E-17 ) ) ;
#1840 = ORIENTED_EDGE ( 'NONE', *, *, #1328, .F. ) ;
#1841 = CARTESIAN_POINT ( 'NONE',  ( 0.000000000000000000, 85.00000000000000000, 0.000000000000000000 ) ) ;
#1842 = EDGE_LOOP ( 'NONE', ( #1335, #1921, #414, #2134 ) ) ;
#1843 = EDGE_LOOP ( 'NONE', ( #1378, #601, #1752, #530 ) ) ;
#1844 = CARTESIAN_POINT ( 'NONE',  ( 106.0000000000000000, 2.000000000000001776, -83.00000000000000000 ) ) ;
#1845 = DIRECTION ( 'NONE',  ( 0.000000000000000000, 0.000000000000000000, -1.000000000000000000 ) ) ;
#1846 = DIRECTION ( 'NONE',  ( 0.000000000000000000, 0.000000000000000000, 1.000000000000000000 ) ) ;
#1847 = ORIENTED_EDGE ( 'NONE', *, *, #105, .T. ) ;
#1848 = CARTESIAN_POINT ( 'NONE',  ( 70.00000000000000000, 19.34643937705148176, -25.67795353267722547 ) ) ;
#1849 = CARTESIAN_POINT ( 'NONE',  ( 83.64409174676690384, 51.34387319738516453, -69.71864294445815347 ) ) ;
#1850 = EDGE_CURVE ( 'NONE', #186, #828, #1685, .T. ) ;
#1851 = ORIENTED_EDGE ( 'NONE', *, *, #1086, .F. ) ;
#1852 = EDGE_CURVE ( 'NONE', #547, #1081, #641, .T. ) ;
#1853 = VERTEX_POINT ( 'NONE', #1106 ) ;
#1854 = PLANE ( 'NONE',  #1744 ) ;
#1855 = DIRECTION ( 'NONE',  ( 1.000000000000000000, -0.000000000000000000, -0.000000000000000000 ) ) ;
#1856 = CYLINDRICAL_SURFACE ( 'NONE', #363, 4.999999999998943068 ) ;
#1857 = ORIENTED_EDGE ( 'NONE', *, *, #1246, .T. ) ;
#1858 = DIRECTION ( 'NONE',  ( 0.000000000000000000, 0.000000000000000000, -1.000000000000000000 ) ) ;
#1859 = CARTESIAN_POINT ( 'NONE',  ( 70.00000000000000000, 19.34643937705148176, -25.67795353267722547 ) ) ;
#1860 = ADVANCED_FACE ( 'NONE', ( #2266 ), #2434, .F. ) ;
#1861 = ORIENTED_EDGE ( 'NONE', *, *, #1653, .T. ) ;
#1862 = CIRCLE ( 'NONE', #918, 5.000000000000004441 ) ;
#1863 = EDGE_LOOP ( 'NONE', ( #183, #2084 ) ) ;
#1864 = DIRECTION ( 'NONE',  ( 0.000000000000000000, 0.000000000000000000, -1.000000000000000000 ) ) ;
#1865 = FACE_BOUND ( 'NONE', #2163, .T. ) ;
#1866 = CIRCLE ( 'NONE', #805, 5.000000000000004441 ) ;
#1867 = PRODUCT_DEFINITION_FORMATION_WITH_SPECIFIED_SOURCE ( 'ANY', '', #349, .NOT_KNOWN. ) ;
#1868 = CYLINDRICAL_SURFACE ( 'NONE', #1341, 4.999999999999241496 ) ;
#1869 = AXIS2_PLACEMENT_3D ( 'NONE', #991, #44, #1909 ) ;
#1870 = ORIENTED_EDGE ( 'NONE', *, *, #1469, .F. ) ;
#1871 = VECTOR ( 'NONE', #586, 1000.000000000000000 ) ;
#1872 = CARTESIAN_POINT ( 'NONE',  ( 110.0000000000000000, 13.88062514887305987, -47.49999999999830891 ) ) ;
#1873 = DIRECTION ( 'NONE',  ( 1.000000000000000000, 0.000000000000000000, 0.000000000000000000 ) ) ;
#1874 = EDGE_CURVE ( 'NONE', #1955, #1169, #1589, .T. ) ;
#1875 = VERTEX_POINT ( 'NONE', #165 ) ;
#1876 = VERTEX_POINT ( 'NONE', #1330 ) ;
#1877 = CARTESIAN_POINT ( 'NONE',  ( 70.00000000000000000, 65.65356062294878825, -59.32204646732279230 ) ) ;
#1878 = CARTESIAN_POINT ( 'NONE',  ( 59.00000000000002132, 2.000000000000001776, -2.000000000000002220 ) ) ;
#1879 = EDGE_CURVE ( 'NONE', #982, #1601, #1499, .T. ) ;
#1880 = DIRECTION ( 'NONE',  ( 0.000000000000000000, 0.000000000000000000, -1.000000000000000000 ) ) ;
#1881 = ORIENTED_EDGE ( 'NONE', *, *, #1357, .F. ) ;
#1882 = DIRECTION ( 'NONE',  ( 1.000000000000000000, -0.000000000000000000, -0.000000000000000000 ) ) ;
#1883 = CARTESIAN_POINT ( 'NONE',  ( 0.000000000000000000, 0.000000000000000000, -85.00000000000000000 ) ) ;
#1884 = VERTEX_POINT ( 'NONE', #2251 ) ;
#1885 = ORIENTED_EDGE ( 'NONE', *, *, #998, .F. ) ;
#1886 = CARTESIAN_POINT ( 'NONE',  ( 70.00000000000000000, 51.34387319738516453, -69.71864294445815347 ) ) ;
#1887 = PLANE ( 'NONE',  #2418 ) ;
#1888 = EDGE_CURVE ( 'NONE', #777, #1505, #1479, .T. ) ;
#1889 = CARTESIAN_POINT ( 'NONE',  ( 106.0000000000000000, 51.34387319738507216, -10.28135705554221424 ) ) ;
#1890 = ADVANCED_FACE ( 'NONE', ( #377 ), #1868, .F. ) ;
#1891 = EDGE_LOOP ( 'NONE', ( #1756, #1806 ) ) ;
#1892 = CARTESIAN_POINT ( 'NONE',  ( 83.64409174676690384, 19.34643937705121530, -59.32204646732241571 ) ) ;
#1893 = CARTESIAN_POINT ( 'NONE',  ( 0.000000000000000000, 42.50000000000014211, -25.50000000000000711 ) ) ;
#1894 = ORIENTED_EDGE ( 'NONE', *, *, #1052, .F. ) ;
#1895 = EDGE_LOOP ( 'NONE', ( #913, #1287 ) ) ;
#1896 = VECTOR ( 'NONE', #2122, 1000.000000000000000 ) ;
#1897 = ORIENTED_EDGE ( 'NONE', *, *, #1332, .T. ) ;
#1898 = CARTESIAN_POINT ( 'NONE',  ( 110.0000000000000000, 19.34643937705121530, -64.32204646732122910 ) ) ;
#1899 = DIRECTION ( 'NONE',  ( 0.000000000000000000, 0.000000000000000000, -1.000000000000000000 ) ) ;
#1900 = AXIS2_PLACEMENT_3D ( 'NONE', #1930, #238, #988 ) ;
#1901 = ADVANCED_FACE ( 'NONE', ( #755 ), #1320, .F. ) ;
#1902 = EDGE_CURVE ( 'NONE', #1875, #339, #387, .T. ) ;
#1903 = FACE_BOUND ( 'NONE', #122, .T. ) ;
#1904 = AXIS2_PLACEMENT_3D ( 'NONE', #1412, #512, #315 ) ;
#1905 = DIRECTION ( 'NONE',  ( 1.000000000000000000, -0.000000000000000000, -0.000000000000000000 ) ) ;
#1906 = CC_DESIGN_PERSON_AND_ORGANIZATION_ASSIGNMENT ( #1211, #1967, ( #1867 ) ) ;
#1907 = LOCAL_TIME ( 13, 54, 19.00000000000000000, #80 ) ;
#1908 = VERTEX_POINT ( 'NONE', #772 ) ;
#1909 = DIRECTION ( 'NONE',  ( 0.000000000000000000, 0.000000000000000000, 1.000000000000000000 ) ) ;
#1910 = DIRECTION ( 'NONE',  ( 1.000000000000000000, -0.000000000000000000, -0.000000000000000000 ) ) ;
#1911 = AXIS2_PLACEMENT_3D ( 'NONE', #123, #867, #1974 ) ;
#1912 = EDGE_LOOP ( 'NONE', ( #101, #2430, #1206, #1780 ) ) ;
#1913 = EDGE_LOOP ( 'NONE', ( #270, #2371, #397, #955 ) ) ;
#1914 = VERTEX_POINT ( 'NONE', #1889 ) ;
#1915 = DIRECTION ( 'NONE',  ( 0.000000000000000000, 0.000000000000000000, -1.000000000000000000 ) ) ;
#1916 = DIRECTION ( 'NONE',  ( -1.000000000000000000, 0.000000000000000000, 0.000000000000000000 ) ) ;
#1917 = CYLINDRICAL_SURFACE ( 'NONE', #2304, 5.000000000000004441 ) ;
#1918 = EDGE_LOOP ( 'NONE', ( #901, #708, #1608, #1777 ) ) ;
#1919 = DIRECTION ( 'NONE',  ( 0.000000000000000000, 0.000000000000000000, -1.000000000000000000 ) ) ;
#1920 = CARTESIAN_POINT ( 'NONE',  ( 106.0000000000000000, 33.65612680261466494, -64.71864294445875032 ) ) ;
#1921 = ORIENTED_EDGE ( 'NONE', *, *, #1390, .F. ) ;
#1922 = ORIENTED_EDGE ( 'NONE', *, *, #1470, .F. ) ;
#1923 = EDGE_CURVE ( 'NONE', #588, #1182, #920, .T. ) ;
#1924 = EDGE_CURVE ( 'NONE', #1601, #1965, #1229, .T. ) ;
#1925 = ADVANCED_FACE ( 'NONE', ( #2045 ), #1856, .F. ) ;
#1926 = EDGE_LOOP ( 'NONE', ( #2124, #714, #1279, #1778 ) ) ;
#1927 = AXIS2_PLACEMENT_3D ( 'NONE', #2280, #2093, #1010 ) ;
#1928 = CARTESIAN_POINT ( 'NONE',  ( 83.64409174676690384, 42.50000000000014211, -24.00000000000000355 ) ) ;
#1929 = CARTESIAN_POINT ( 'NONE',  ( 70.00000000000000000, 19.34643937705121530, -54.32204646732360231 ) ) ;
#1930 = CARTESIAN_POINT ( 'NONE',  ( 83.64409174676690384, 42.50000000000014211, -42.50000000000000711 ) ) ;
#1931 = DIRECTION ( 'NONE',  ( 1.000000000000000000, 0.000000000000000000, 0.000000000000000000 ) ) ;
#1932 = ORIENTED_EDGE ( 'NONE', *, *, #181, .F. ) ;
#1933 = LINE ( 'NONE', #675, #2151 ) ;
#1934 = DIRECTION ( 'NONE',  ( 1.000000000000000000, -0.000000000000000000, -0.000000000000000000 ) ) ;
#1935 = ORIENTED_EDGE ( 'NONE', *, *, #188, .T. ) ;
#1936 = DIRECTION ( 'NONE',  ( -1.000000000000000000, -0.000000000000000000, -0.000000000000000000 ) ) ;
#1937 = VECTOR ( 'NONE', #1712, 1000.000000000000000 ) ;
#1938 = ADVANCED_FACE ( 'NONE', ( #545 ), #812, .F. ) ;
#1939 = EDGE_LOOP ( 'NONE', ( #742, #1025, #1776, #1583 ) ) ;
#1940 = CYLINDRICAL_SURFACE ( 'NONE', #1306, 4.999999999998943068 ) ;
#1941 = VECTOR ( 'NONE', #1934, 1000.000000000000000 ) ;
#1942 = AXIS2_PLACEMENT_3D ( 'NONE', #690, #2185, #514 ) ;
#1943 = VECTOR ( 'NONE', #2077, 1000.000000000000000 ) ;
#1944 = DIRECTION ( 'NONE',  ( 1.000000000000000000, -0.000000000000000000, -0.000000000000000000 ) ) ;
#1945 = FACE_OUTER_BOUND ( 'NONE', #1299, .T. ) ;
#1946 = AXIS2_PLACEMENT_3D ( 'NONE', #1609, #2039, #1779 ) ;
#1947 = CARTESIAN_POINT ( 'NONE',  ( 83.64409174676690384, 2.000000000000001776, -83.00000000000000000 ) ) ;
#1948 = CARTESIAN_POINT ( 'NONE',  ( 87.64409174676691805, 2.000000000000001776, -2.000000000000001776 ) ) ;
#1949 = AXIS2_PLACEMENT_3D ( 'NONE', #435, #978, #989 ) ;
#1950 = VERTEX_POINT ( 'NONE', #1360 ) ;
#1951 = ORIENTED_EDGE ( 'NONE', *, *, #409, .F. ) ;
#1952 = EDGE_CURVE ( 'NONE', #1884, #1324, #1435, .T. ) ;
#1953 = VECTOR ( 'NONE', #1428, 1000.000000000000000 ) ;
#1954 = CIRCLE ( 'NONE', #1836, 17.00000000000000000 ) ;
#1955 = VERTEX_POINT ( 'NONE', #610 ) ;
#1956 = VECTOR ( 'NONE', #1607, 1000.000000000000000 ) ;
#1957 = DIRECTION ( 'NONE',  ( 1.000000000000000000, 0.000000000000000000, 0.000000000000000000 ) ) ;
#1958 = DIRECTION ( 'NONE',  ( -1.000000000000000000, 0.000000000000000000, -0.000000000000000000 ) ) ;
#1959 = EDGE_CURVE ( 'NONE', #192, #2243, #449, .T. ) ;
#1960 = CARTESIAN_POINT ( 'NONE',  ( 110.0000000000000000, 71.11937485112767376, -42.50000000000000711 ) ) ;
#1961 = CARTESIAN_POINT ( 'NONE',  ( 70.00000000000000000, 51.34387319738507216, -15.28135705554221957 ) ) ;
#1962 = CARTESIAN_POINT ( 'NONE',  ( 70.00000000000000000, 65.65356062294907247, -20.67795353267762692 ) ) ;
#1963 = VERTEX_POINT ( 'NONE', #2118 ) ;
#1964 = CARTESIAN_POINT ( 'NONE',  ( 110.0000000000000000, 51.34387319738507216, -15.28135705554221957 ) ) ;
#1965 = VERTEX_POINT ( 'NONE', #2318 ) ;
#1966 = CARTESIAN_POINT ( 'NONE',  ( 59.00000000000001421, 43.61936315012826526, -5.013147440713440872 ) ) ;
#1967 = PERSON_AND_ORGANIZATION_ROLE ( 'creator' ) ;
#1968 = CARTESIAN_POINT ( 'NONE',  ( 59.00000000000001421, 85.00000000000000000, -83.00000000000000000 ) ) ;
#1969 = CYLINDRICAL_SURFACE ( 'NONE', #405, 4.999999999998817835 ) ;
#1970 = ADVANCED_FACE ( 'NONE', ( #1008 ), #2341, .F. ) ;
#1971 = CARTESIAN_POINT ( 'NONE',  ( 87.64409174676690384, 51.34387319738516453, -69.71864294445815347 ) ) ;
#1972 = CYLINDRICAL_SURFACE ( 'NONE', #11, 4.999999999999935163 ) ;
#1973 = ORIENTED_EDGE ( 'NONE', *, *, #1610, .T. ) ;
#1974 = DIRECTION ( 'NONE',  ( 0.000000000000000000, 0.000000000000000000, -1.000000000000000000 ) ) ;
#1975 = ORIENTED_EDGE ( 'NONE', *, *, #1376, .F. ) ;
#1976 = DIRECTION ( 'NONE',  ( 1.000000000000000000, -0.000000000000000000, -0.000000000000000000 ) ) ;
#1977 = ORIENTED_EDGE ( 'NONE', *, *, #217, .F. ) ;
#1978 = ORIENTED_EDGE ( 'NONE', *, *, #1546, .T. ) ;
#1979 = CARTESIAN_POINT ( 'NONE',  ( 70.00000000000000000, 65.65356062294878825, -64.32204646732273545 ) ) ;
#1980 = DIRECTION ( 'NONE',  ( 0.000000000000000000, -1.000000000000000000, 0.000000000000000000 ) ) ;
#1981 = EDGE_CURVE ( 'NONE', #532, #961, #2148, .T. ) ;
#1982 = ADVANCED_FACE ( 'NONE', ( #1343, #1945 ), #623, .F. ) ;
#1983 = VECTOR ( 'NONE', #1061, 1000.000000000000000 ) ;
#1984 = CARTESIAN_POINT ( 'NONE',  ( 87.64409174676690384, 71.11937485112767376, -42.50000000000000711 ) ) ;
#1985 = APPROVAL ( #2178, 'UNSPECIFIED' ) ;
#1986 = FACE_OUTER_BOUND ( 'NONE', #1913, .T. ) ;
#1987 = AXIS2_PLACEMENT_3D ( 'NONE', #2139, #1793, #103 ) ;
#1988 = VERTEX_POINT ( 'NONE', #1720 ) ;
#1989 = CARTESIAN_POINT ( 'NONE',  ( 70.00000000000000000, 33.65612680261466494, -64.71864294445875032 ) ) ;
#1990 = AXIS2_PLACEMENT_3D ( 'NONE', #342, #711, #1498 ) ;
#1991 = EDGE_LOOP ( 'NONE', ( #510, #1451 ) ) ;
#1992 = VECTOR ( 'NONE', #2286, 1000.000000000000000 ) ;
#1993 = PERSON ( 'UNSPECIFIED', 'UNSPECIFIED', 'UNSPECIFIED', ('UNSPECIFIED'), ('UNSPECIFIED'), ('UNSPECIFIED') ) ;
#1994 = DIRECTION ( 'NONE',  ( -0.000000000000000000, -1.000000000000000000, -0.000000000000000000 ) ) ;
#1995 = PERSON_AND_ORGANIZATION ( #1993, #2420 ) ;
#1996 = AXIS2_PLACEMENT_3D ( 'NONE', #2107, #415, #1919 ) ;
#1997 = VECTOR ( 'NONE', #2038, 1000.000000000000000 ) ;
#1998 = ORIENTED_EDGE ( 'NONE', *, *, #1620, .F. ) ;
#1999 = DIRECTION ( 'NONE',  ( 1.000000000000000000, -0.000000000000000000, -0.000000000000000000 ) ) ;
#2000 = LINE ( 'NONE', #1626, #1196 ) ;
#2001 = DIRECTION ( 'NONE',  ( 0.000000000000000000, 0.000000000000000000, -1.000000000000000000 ) ) ;
#2002 = CARTESIAN_POINT ( 'NONE',  ( 83.64409174676691805, 65.65356062294907247, -25.67795353267761982 ) ) ;
#2003 = VERTEX_POINT ( 'NONE', #58 ) ;
#2004 = CARTESIAN_POINT ( 'NONE',  ( 110.0000000000000000, 13.88062514887305987, -37.50000000000122924 ) ) ;
#2005 = ORIENTED_EDGE ( 'NONE', *, *, #1312, .F. ) ;
#2006 = ADVANCED_FACE ( 'NONE', ( #2145 ), #783, .F. ) ;
#2007 = ORIENTED_EDGE ( 'NONE', *, *, #2289, .F. ) ;
#2008 = ADVANCED_FACE ( 'NONE', ( #239 ), #450, .F. ) ;
#2009 = ORIENTED_EDGE ( 'NONE', *, *, #1340, .T. ) ;
#2010 = DIRECTION ( 'NONE',  ( 1.000000000000000000, -0.000000000000000000, -0.000000000000000000 ) ) ;
#2011 = FACE_OUTER_BOUND ( 'NONE', #2149, .T. ) ;
#2012 = DIRECTION ( 'NONE',  ( 0.000000000000000000, 0.000000000000000000, -1.000000000000000000 ) ) ;
#2013 = FACE_OUTER_BOUND ( 'NONE', #1207, .T. ) ;
#2014 = ORIENTED_EDGE ( 'NONE', *, *, #1544, .T. ) ;
#2015 = DIRECTION ( 'NONE',  ( 1.000000000000000000, 0.000000000000000000, -1.713307136767216850E-16 ) ) ;
#2016 = VERTEX_POINT ( 'NONE', #1733 ) ;
#2017 = EDGE_CURVE ( 'NONE', #2436, #219, #1164, .T. ) ;
#2018 = COORDINATED_UNIVERSAL_TIME_OFFSET ( 2, 0, .AHEAD. ) ;
#2019 = ORIENTED_EDGE ( 'NONE', *, *, #48, .T. ) ;
#2020 = DIRECTION ( 'NONE',  ( 1.000000000000000000, 0.000000000000000000, 0.000000000000000000 ) ) ;
#2021 = DIRECTION ( 'NONE',  ( 0.000000000000000000, 0.000000000000000000, 1.000000000000000000 ) ) ;
#2022 = FACE_OUTER_BOUND ( 'NONE', #1507, .T. ) ;
#2023 = DIRECTION ( 'NONE',  ( -1.000000000000000000, 0.000000000000000000, 0.000000000000000000 ) ) ;
#2024 = AXIS2_PLACEMENT_3D ( 'NONE', #584, #1307, #941 ) ;
#2025 = VERTEX_POINT ( 'NONE', #267 ) ;
#2026 = CYLINDRICAL_SURFACE ( 'NONE', #1795, 4.999999999998540723 ) ;
#2027 = VECTOR ( 'NONE', #1591, 1000.000000000000000 ) ;
#2028 = CIRCLE ( 'NONE', #1549, 5.000000000000004441 ) ;
#2029 = ORIENTED_EDGE ( 'NONE', *, *, #825, .F. ) ;
#2030 = CIRCLE ( 'NONE', #1597, 4.999999999998540723 ) ;
#2031 = ORIENTED_EDGE ( 'NONE', *, *, #517, .T. ) ;
#2032 = CARTESIAN_POINT ( 'NONE',  ( 110.0000000000000000, 85.00000000000000000, 0.000000000000000000 ) ) ;
#2033 = DIRECTION ( 'NONE',  ( 1.000000000000000000, 0.000000000000000000, 0.000000000000000000 ) ) ;
#2034 = CIRCLE ( 'NONE', #20, 4.999999999998941291 ) ;
#2035 = ADVANCED_FACE ( 'NONE', ( #1202 ), #1150, .F. ) ;
#2036 = DIRECTION ( 'NONE',  ( -1.000000000000000000, -0.000000000000000000, -0.000000000000000000 ) ) ;
#2037 = EDGE_LOOP ( 'NONE', ( #647, #877, #866, #930 ) ) ;
#2038 = DIRECTION ( 'NONE',  ( -0.000000000000000000, 1.000000000000000000, -0.000000000000000000 ) ) ;
#2039 = DIRECTION ( 'NONE',  ( -1.000000000000000000, 0.000000000000000000, 1.713307136767216850E-16 ) ) ;
#2040 = UNCERTAINTY_MEASURE_WITH_UNIT (LENGTH_MEASURE( 1.000000000000000082E-05 ), #407, 'distance_accuracy_value', 'NONE');
#2041 = ORIENTED_EDGE ( 'NONE', *, *, #637, .T. ) ;
#2042 = ORIENTED_EDGE ( 'NONE', *, *, #1923, .F. ) ;
#2043 = CARTESIAN_POINT ( 'NONE',  ( 70.00000000000000000, 33.65612680261466494, -69.71864294445799715 ) ) ;
#2044 = DIRECTION ( 'NONE',  ( 1.000000000000000000, 0.000000000000000000, 0.000000000000000000 ) ) ;
#2045 = FACE_OUTER_BOUND ( 'NONE', #1192, .T. ) ;
#2046 = ADVANCED_FACE ( 'NONE', ( #1771 ), #1917, .F. ) ;
#2047 = EDGE_LOOP ( 'NONE', ( #457, #2210, #1894, #870 ) ) ;
#2048 = FACE_OUTER_BOUND ( 'NONE', #604, .T. ) ;
#2049 = LINE ( 'NONE', #1494, #132 ) ;
#2050 = ORIENTED_EDGE ( 'NONE', *, *, #105, .F. ) ;
#2051 = ORIENTED_EDGE ( 'NONE', *, *, #912, .F. ) ;
#2052 = CARTESIAN_POINT ( 'NONE',  ( 106.0000000000000000, 19.34643937705121530, -54.32204646732360231 ) ) ;
#2053 = CARTESIAN_POINT ( 'NONE',  ( 83.64409174676691805, 33.65612680261510548, -15.28135705554188561 ) ) ;
#2054 = EDGE_CURVE ( 'NONE', #938, #2362, #1308, .T. ) ;
#2055 = DIRECTION ( 'NONE',  ( 1.000000000000000000, -0.000000000000000000, -0.000000000000000000 ) ) ;
#2056 = EDGE_CURVE ( 'NONE', #982, #2119, #525, .T. ) ;
#2057 = ORIENTED_EDGE ( 'NONE', *, *, #1570, .F. ) ;
#2058 = DIRECTION ( 'NONE',  ( 1.000000000000000000, 0.000000000000000000, -1.713307136767216850E-16 ) ) ;
#2059 = DIRECTION ( 'NONE',  ( 1.000000000000000000, -0.000000000000000000, -0.000000000000000000 ) ) ;
#2060 = VECTOR ( 'NONE', #824, 1000.000000000000000 ) ;
#2061 = ORIENTED_EDGE ( 'NONE', *, *, #1393, .T. ) ;
#2062 = CIRCLE ( 'NONE', #1900, 18.50000000000000355 ) ;
#2063 = VERTEX_POINT ( 'NONE', #42 ) ;
#2064 = DIRECTION ( 'NONE',  ( 1.000000000000000000, 0.000000000000000000, 0.000000000000000000 ) ) ;
#2065 = CARTESIAN_POINT ( 'NONE',  ( 87.64409174676691805, 51.34387319738507216, -15.28135705554221957 ) ) ;
#2066 = VECTOR ( 'NONE', #1029, 1000.000000000000000 ) ;
#2067 = LOCAL_TIME ( 13, 54, 19.00000000000000000, #469 ) ;
#2068 = DIRECTION ( 'NONE',  ( 0.000000000000000000, 0.000000000000000000, -1.000000000000000000 ) ) ;
#2069 = CIRCLE ( 'NONE', #1518, 4.999999999999657163 ) ;
#2070 = ORIENTED_EDGE ( 'NONE', *, *, #177, .T. ) ;
#2071 = AXIS2_PLACEMENT_3D ( 'NONE', #693, #878, #2358 ) ;
#2072 = CYLINDRICAL_SURFACE ( 'NONE', #1757, 18.50000000000000355 ) ;
#2073 = FACE_OUTER_BOUND ( 'NONE', #260, .T. ) ;
#2074 = ORIENTED_EDGE ( 'NONE', *, *, #1822, .T. ) ;
#2075 = EDGE_CURVE ( 'NONE', #176, #2402, #1551, .T. ) ;
#2076 = VERTEX_POINT ( 'NONE', #1453 ) ;
#2077 = DIRECTION ( 'NONE',  ( -0.000000000000000000, 1.000000000000000000, -0.000000000000000000 ) ) ;
#2078 = CARTESIAN_POINT ( 'NONE',  ( 110.0000000000000000, 33.65612680261466494, -64.71864294445875032 ) ) ;
#2079 = EDGE_CURVE ( 'NONE', #1648, #1434, #1614, .T. ) ;
#2080 = DIRECTION ( 'NONE',  ( 0.000000000000000000, 0.000000000000000000, -1.000000000000000000 ) ) ;
#2081 = ORIENTED_EDGE ( 'NONE', *, *, #309, .F. ) ;
#2082 = DIRECTION ( 'NONE',  ( 0.000000000000000000, 0.000000000000000000, -1.000000000000000000 ) ) ;
#2083 = CARTESIAN_POINT ( 'NONE',  ( 83.64409174676690384, 42.50000000000014211, -61.00000000000001421 ) ) ;
#2084 = ORIENTED_EDGE ( 'NONE', *, *, #2416, .F. ) ;
#2085 = ADVANCED_FACE ( 'NONE', ( #2011 ), #327, .F. ) ;
#2086 = ORIENTED_EDGE ( 'NONE', *, *, #1377, .T. ) ;
#2087 = CC_DESIGN_DATE_AND_TIME_ASSIGNMENT ( #1040, #2361, ( #856 ) ) ;
#2088 = DIRECTION ( 'NONE',  ( 0.000000000000000000, 0.000000000000000000, -1.000000000000000000 ) ) ;
#2089 = DIRECTION ( 'NONE',  ( 0.000000000000000000, 0.000000000000000000, -1.000000000000000000 ) ) ;
#2090 = CARTESIAN_POINT ( 'NONE',  ( 83.64409174676690384, 2.000000000000001776, -83.00000000000000000 ) ) ;
#2091 = CARTESIAN_POINT ( 'NONE',  ( 70.00000000000000000, 33.65612680261510548, -15.28135705554188561 ) ) ;
#2092 = ORIENTED_EDGE ( 'NONE', *, *, #1520, .F. ) ;
#2093 = DIRECTION ( 'NONE',  ( -9.450491100985239750E-17, 0.000000000000000000, 1.000000000000000000 ) ) ;
#2094 = CARTESIAN_POINT ( 'NONE',  ( 57.00000000000000711, 85.00000000000000000, -83.00000000000000000 ) ) ;
#2095 = ORIENTED_EDGE ( 'NONE', *, *, #1488, .T. ) ;
#2096 = EDGE_LOOP ( 'NONE', ( #117, #758, #2397, #787 ) ) ;
#2097 = AXIS2_PLACEMENT_3D ( 'NONE', #851, #293, #1244 ) ;
#2098 = VERTEX_POINT ( 'NONE', #1782 ) ;
#2099 = LINE ( 'NONE', #406, #1392 ) ;
#2100 = VECTOR ( 'NONE', #2010, 1000.000000000000000 ) ;
#2101 = LINE ( 'NONE', #952, #1399 ) ;
#2102 = AXIS2_PLACEMENT_3D ( 'NONE', #1018, #795, #71 ) ;
#2103 = DIRECTION ( 'NONE',  ( 0.000000000000000000, 0.000000000000000000, -1.000000000000000000 ) ) ;
#2104 = LOCAL_TIME ( 13, 54, 19.00000000000000000, #322 ) ;
#2105 = ORIENTED_EDGE ( 'NONE', *, *, #251, .T. ) ;
#2106 = EDGE_CURVE ( 'NONE', #76, #738, #304, .T. ) ;
#2107 = CARTESIAN_POINT ( 'NONE',  ( 106.0000000000000000, 2.000000000000001776, -2.000000000000000000 ) ) ;
#2108 = CARTESIAN_POINT ( 'NONE',  ( 87.64409174676690384, 51.34387319738516453, -64.71864294445849453 ) ) ;
#2109 = VECTOR ( 'NONE', #425, 1000.000000000000000 ) ;
#2110 = EDGE_CURVE ( 'NONE', #1350, #1988, #2000, .T. ) ;
#2111 = VECTOR ( 'NONE', #297, 1000.000000000000000 ) ;
#2112 = VERTEX_POINT ( 'NONE', #2399 ) ;
#2113 = EDGE_LOOP ( 'NONE', ( #1124, #2161 ) ) ;
#2114 = EDGE_LOOP ( 'NONE', ( #365, #1973, #1681, #206 ) ) ;
#2115 = CARTESIAN_POINT ( 'NONE',  ( 70.00000000000000000, 19.34643937705121530, -64.32204646732122910 ) ) ;
#2116 = CARTESIAN_POINT ( 'NONE',  ( 0.000000000000000000, 0.000000000000000000, 0.000000000000000000 ) ) ;
#2117 = LINE ( 'NONE', #2317, #1592 ) ;
#2118 = CARTESIAN_POINT ( 'NONE',  ( 2.000000000000000000, 42.50000000000014211, -25.50000000000000711 ) ) ;
#2119 = VERTEX_POINT ( 'NONE', #1401 ) ;
#2120 = LINE ( 'NONE', #613, #2109 ) ;
#2121 = ADVANCED_FACE ( 'NONE', ( #2171 ), #2365, .T. ) ;
#2122 = DIRECTION ( 'NONE',  ( 1.000000000000000000, -0.000000000000000000, -0.000000000000000000 ) ) ;
#2123 = ORIENTED_EDGE ( 'NONE', *, *, #875, .F. ) ;
#2124 = ORIENTED_EDGE ( 'NONE', *, *, #1610, .F. ) ;
#2125 = ORIENTED_EDGE ( 'NONE', *, *, #1031, .T. ) ;
#2126 = LINE ( 'NONE', #975, #882 ) ;
#2127 = CARTESIAN_POINT ( 'NONE',  ( 110.0000000000000000, 51.34387319738507216, -15.28135705554221957 ) ) ;
#2128 = CARTESIAN_POINT ( 'NONE',  ( 70.00000000000000000, 13.88062514887305987, -47.49999999999830891 ) ) ;
#2129 = DIRECTION ( 'NONE',  ( 1.000000000000000000, -0.000000000000000000, -0.000000000000000000 ) ) ;
#2130 = CYLINDRICAL_SURFACE ( 'NONE', #929, 18.50000000000000355 ) ;
#2131 = ADVANCED_FACE ( 'NONE', ( #2158 ), #674, .F. ) ;
#2132 = EDGE_CURVE ( 'NONE', #2436, #1519, #2225, .T. ) ;
#2133 = DIRECTION ( 'NONE',  ( 1.000000000000000000, -0.000000000000000000, -0.000000000000000000 ) ) ;
#2134 = ORIENTED_EDGE ( 'NONE', *, *, #508, .T. ) ;
#2135 = DIRECTION ( 'NONE',  ( 0.000000000000000000, 0.000000000000000000, -1.000000000000000000 ) ) ;
#2136 = AXIS2_PLACEMENT_3D ( 'NONE', #23, #1873, #563 ) ;
#2137 = VERTEX_POINT ( 'NONE', #1240 ) ;
#2138 = EDGE_CURVE ( 'NONE', #196, #804, #1831, .T. ) ;
#2139 = CARTESIAN_POINT ( 'NONE',  ( 106.0000000000000000, 51.34387319738507216, -15.28135705554221957 ) ) ;
#2140 = AXIS2_PLACEMENT_3D ( 'NONE', #746, #182, #352 ) ;
#2141 = APPLICATION_PROTOCOL_DEFINITION ( 'international standard', 'config_control_design', 1994, #1524 ) ;
#2142 = VECTOR ( 'NONE', #1132, 1000.000000000000000 ) ;
#2143 = CIRCLE ( 'NONE', #2339, 4.999999999998540723 ) ;
#2144 = FACE_BOUND ( 'NONE', #465, .T. ) ;
#2145 = FACE_OUTER_BOUND ( 'NONE', #2417, .T. ) ;
#2146 = CARTESIAN_POINT ( 'NONE',  ( 87.64409174676690384, 19.34643937705121530, -59.32204646732241571 ) ) ;
#2147 = CARTESIAN_POINT ( 'NONE',  ( 87.64409174676690384, 65.65356062294878825, -59.32204646732279230 ) ) ;
#2148 = CIRCLE ( 'NONE', #889, 4.999999999999997335 ) ;
#2149 = EDGE_LOOP ( 'NONE', ( #1217, #1472, #1582, #947 ) ) ;
#2150 = CARTESIAN_POINT ( 'NONE',  ( 80.00000000000000000, 42.50000000000014211, -24.00000000000000355 ) ) ;
#2151 = VECTOR ( 'NONE', #1252, 1000.000000000000000 ) ;
#2152 = EDGE_LOOP ( 'NONE', ( #1212, #1649 ) ) ;
#2153 = CIRCLE ( 'NONE', #531, 37.50000000000000711 ) ;
#2154 = LINE ( 'NONE', #1966, #919 ) ;
#2155 = EDGE_CURVE ( 'NONE', #738, #241, #2030, .T. ) ;
#2156 = PERSON_AND_ORGANIZATION_ROLE ( 'design_owner' ) ;
#2157 = DIRECTION ( 'NONE',  ( -1.000000000000000000, 0.000000000000000000, 1.713307136767216850E-16 ) ) ;
#2158 = FACE_OUTER_BOUND ( 'NONE', #272, .T. ) ;
#2159 = DIRECTION ( 'NONE',  ( -8.566535683836084249E-17, -0.000000000000000000, -1.000000000000000000 ) ) ;
#2160 = DIRECTION ( 'NONE',  ( 1.000000000000000000, 0.000000000000000000, 0.000000000000000000 ) ) ;
#2161 = ORIENTED_EDGE ( 'NONE', *, *, #1470, .T. ) ;
#2162 = DIRECTION ( 'NONE',  ( 0.000000000000000000, 0.000000000000000000, -1.000000000000000000 ) ) ;
#2163 = EDGE_LOOP ( 'NONE', ( #1024, #283 ) ) ;
#2164 = ADVANCED_FACE ( 'NONE', ( #131 ), #1263, .F. ) ;
#2165 = LINE ( 'NONE', #1396, #1829 ) ;
#2166 = EDGE_CURVE ( 'NONE', #1169, #1955, #1156, .T. ) ;
#2167 = DATE_AND_TIME ( #1054, #1239 ) ;
#2168 = ADVANCED_FACE ( 'NONE', ( #1084 ), #1969, .F. ) ;
#2169 = VERTEX_POINT ( 'NONE', #2197 ) ;
#2170 = FACE_BOUND ( 'NONE', #200, .T. ) ;
#2171 = FACE_OUTER_BOUND ( 'NONE', #1484, .T. ) ;
#2172 = CARTESIAN_POINT ( 'NONE',  ( 83.64409174676691805, 2.000000000000001776, -2.000000000000001776 ) ) ;
#2173 = DIRECTION ( 'NONE',  ( -1.000000000000000000, 0.000000000000000000, 0.000000000000000000 ) ) ;
#2174 = ORIENTED_EDGE ( 'NONE', *, *, #279, .F. ) ;
#2175 = CARTESIAN_POINT ( 'NONE',  ( 106.0000000000000000, 65.65356062294878825, -59.32204646732279230 ) ) ;
#2176 = EDGE_LOOP ( 'NONE', ( #455, #2323, #1102, #2029 ) ) ;
#2177 = FACE_OUTER_BOUND ( 'NONE', #1495, .T. ) ;
#2178 = APPROVAL_STATUS ( 'not_yet_approved' ) ;
#2179 = VERTEX_POINT ( 'NONE', #886 ) ;
#2180 = CARTESIAN_POINT ( 'NONE',  ( 0.000000000000000000, 0.000000000000000000, 0.000000000000000000 ) ) ;
#2181 = DIRECTION ( 'NONE',  ( -0.000000000000000000, 1.000000000000000000, -0.000000000000000000 ) ) ;
#2182 = VECTOR ( 'NONE', #953, 1000.000000000000000 ) ;
#2183 = CIRCLE ( 'NONE', #51, 4.999999999999241496 ) ;
#2184 = DIRECTION ( 'NONE',  ( 0.000000000000000000, 0.000000000000000000, -1.000000000000000000 ) ) ;
#2185 = DIRECTION ( 'NONE',  ( 1.000000000000000000, 0.000000000000000000, -1.713307136767216850E-16 ) ) ;
#2186 = CIRCLE ( 'NONE', #1116, 4.999999999999657163 ) ;
#2187 = EDGE_CURVE ( 'NONE', #1461, #1000, #1638, .T. ) ;
#2188 = ORIENTED_EDGE ( 'NONE', *, *, #582, .F. ) ;
#2189 = CARTESIAN_POINT ( 'NONE',  ( 83.64409174676690384, 51.34387319738516453, -74.71864294445781240 ) ) ;
#2190 = ADVANCED_FACE ( 'NONE', ( #1603 ), #662, .F. ) ;
#2191 = VECTOR ( 'NONE', #1476, 1000.000000000000000 ) ;
#2192 = ORIENTED_EDGE ( 'NONE', *, *, #2110, .T. ) ;
#2193 = CC_DESIGN_APPROVAL ( #2348, ( #1867 ) ) ;
#2194 = CIRCLE ( 'NONE', #2071, 18.50000000000000711 ) ;
#2195 = ORIENTED_EDGE ( 'NONE', *, *, #1055, .F. ) ;
#2196 = CARTESIAN_POINT ( 'NONE',  ( 70.00000000000000000, 65.65356062294878825, -64.32204646732273545 ) ) ;
#2197 = CARTESIAN_POINT ( 'NONE',  ( 2.000000000000000000, 2.000000000000001776, -2.000000000000000000 ) ) ;
#2198 = CARTESIAN_POINT ( 'NONE',  ( 87.64409174676690384, 85.00000000000000000, -83.00000000000000000 ) ) ;
#2199 = DIRECTION ( 'NONE',  ( 1.000000000000000000, 0.000000000000000000, 0.000000000000000000 ) ) ;
#2200 = EDGE_LOOP ( 'NONE', ( #261, #1317, #25, #2050 ) ) ;
#2201 = EDGE_CURVE ( 'NONE', #2098, #2246, #725, .T. ) ;
#2202 = CARTESIAN_POINT ( 'NONE',  ( 70.00000000000000000, 51.34387319738516453, -74.71864294445781240 ) ) ;
#2203 = ORIENTED_EDGE ( 'NONE', *, *, #2367, .F. ) ;
#2204 = CALENDAR_DATE ( 2026, 4, 9 ) ;
#2205 = EDGE_LOOP ( 'NONE', ( #700, #515 ) ) ;
#2206 = DIRECTION ( 'NONE',  ( 1.000000000000000000, -0.000000000000000000, -0.000000000000000000 ) ) ;
#2207 = DIRECTION ( 'NONE',  ( -0.000000000000000000, -1.000000000000000000, -0.000000000000000000 ) ) ;
#2208 = DIRECTION ( 'NONE',  ( 1.000000000000000000, 0.000000000000000000, 0.000000000000000000 ) ) ;
#2209 = CARTESIAN_POINT ( 'NONE',  ( 106.0000000000000000, 2.000000000000001776, -83.00000000000000000 ) ) ;
#2210 = ORIENTED_EDGE ( 'NONE', *, *, #2106, .T. ) ;
#2211 = LINE ( 'NONE', #1646, #2267 ) ;
#2212 = VERTEX_POINT ( 'NONE', #1510 ) ;
#2213 = ADVANCED_FACE ( 'NONE', ( #1684 ), #1694, .F. ) ;
#2214 = ORIENTED_EDGE ( 'NONE', *, *, #1256, .T. ) ;
#2215 = DIRECTION ( 'NONE',  ( 0.000000000000000000, 0.000000000000000000, 1.000000000000000000 ) ) ;
#2216 = FACE_OUTER_BOUND ( 'NONE', #2258, .T. ) ;
#2217 = CYLINDRICAL_SURFACE ( 'NONE', #453, 4.999999999999241496 ) ;
#2218 = CARTESIAN_POINT ( 'NONE',  ( 2.000000000000000000, 85.00000000000000000, -83.00000000000000000 ) ) ;
#2219 = AXIS2_PLACEMENT_3D ( 'NONE', #1654, #2199, #1455 ) ;
#2220 = ORIENTED_EDGE ( 'NONE', *, *, #340, .T. ) ;
#2221 = LINE ( 'NONE', #1467, #770 ) ;
#2222 = AXIS2_PLACEMENT_3D ( 'NONE', #360, #1660, #1486 ) ;
#2223 = CYLINDRICAL_SURFACE ( 'NONE', #997, 4.999999999999993783 ) ;
#2224 = ORIENTED_EDGE ( 'NONE', *, *, #760, .F. ) ;
#2225 = CIRCLE ( 'NONE', #254, 4.999999999998540723 ) ;
#2226 = LOCAL_TIME ( 13, 54, 19.00000000000000000, #1235 ) ;
#2227 = ORIENTED_EDGE ( 'NONE', *, *, #1136, .F. ) ;
#2228 = ADVANCED_FACE ( 'NONE', ( #1865, #190, #1273, #1095, #2249, #2264, #571, #1115, #385, #1673, #1319, #2216 ), #1887, .F. ) ;
#2229 = CARTESIAN_POINT ( 'NONE',  ( 110.0000000000000000, 0.000000000000000000, -85.00000000000000000 ) ) ;
#2230 = DIRECTION ( 'NONE',  ( -1.759776231360189123E-17, 0.000000000000000000, 1.000000000000000000 ) ) ;
#2231 = CIRCLE ( 'NONE', #1642, 5.000000000000004441 ) ;
#2232 = CARTESIAN_POINT ( 'NONE',  ( 87.64409174676691805, 19.34643937705148176, -25.67795353267722547 ) ) ;
#2233 = ORIENTED_EDGE ( 'NONE', *, *, #2302, .F. ) ;
#2234 = DIRECTION ( 'NONE',  ( 1.713307136767216850E-16, 0.000000000000000000, 1.000000000000000000 ) ) ;
#2235 = FACE_OUTER_BOUND ( 'NONE', #789, .T. ) ;
#2236 = ORIENTED_EDGE ( 'NONE', *, *, #1390, .T. ) ;
#2237 = ORIENTED_EDGE ( 'NONE', *, *, #2110, .F. ) ;
#2238 = EDGE_CURVE ( 'NONE', #1365, #419, #1348, .T. ) ;
#2239 = DIRECTION ( 'NONE',  ( 0.000000000000000000, 0.000000000000000000, 1.000000000000000000 ) ) ;
#2240 = DIRECTION ( 'NONE',  ( 1.000000000000000000, 0.000000000000000000, 0.000000000000000000 ) ) ;
#2241 = CC_DESIGN_DATE_AND_TIME_ASSIGNMENT ( #1808, #859, ( #529 ) ) ;
#2242 = DIRECTION ( 'NONE',  ( 1.000000000000000000, -0.000000000000000000, -0.000000000000000000 ) ) ;
#2243 = VERTEX_POINT ( 'NONE', #1104 ) ;
#2244 = CYLINDRICAL_SURFACE ( 'NONE', #850, 4.999999999999993783 ) ;
#2245 = CARTESIAN_POINT ( 'NONE',  ( 110.0000000000000000, 51.34387319738507216, -20.28135705554222312 ) ) ;
#2246 = VERTEX_POINT ( 'NONE', #2078 ) ;
#2247 = ORIENTED_EDGE ( 'NONE', *, *, #1167, .T. ) ;
#2248 = CARTESIAN_POINT ( 'NONE',  ( 70.00000000000000000, 65.65356062294878825, -59.32204646732279230 ) ) ;
#2249 = FACE_BOUND ( 'NONE', #2359, .T. ) ;
#2250 = CIRCLE ( 'NONE', #124, 4.999999999999241496 ) ;
#2251 = CARTESIAN_POINT ( 'NONE',  ( 106.0000000000000000, 33.65612680261510548, -20.28135705554083046 ) ) ;
#2252 = VERTEX_POINT ( 'NONE', #1138 ) ;
#2253 = CARTESIAN_POINT ( 'NONE',  ( 70.00000000000000000, 51.34387319738516453, -69.71864294445815347 ) ) ;
#2254 = AXIS2_PLACEMENT_3D ( 'NONE', #2002, #135, #1527 ) ;
#2255 = CARTESIAN_POINT ( 'NONE',  ( 70.00000000000000000, 33.65612680261510548, -20.28135705554083046 ) ) ;
#2256 = CIRCLE ( 'NONE', #1700, 4.999999999999935163 ) ;
#2257 = ADVANCED_FACE ( 'NONE', ( #950 ), #522, .F. ) ;
#2258 = EDGE_LOOP ( 'NONE', ( #542, #470, #2227, #1816 ) ) ;
#2259 = AXIS2_PLACEMENT_3D ( 'NONE', #1028, #2340, #1781 ) ;
#2260 = EDGE_CURVE ( 'NONE', #627, #1963, #2383, .T. ) ;
#2261 = AXIS2_PLACEMENT_3D ( 'NONE', #1523, #237, #2299 ) ;
#2262 = EDGE_LOOP ( 'NONE', ( #2203, #32, #2313, #2007 ) ) ;
#2263 = LINE ( 'NONE', #1844, #247 ) ;
#2264 = FACE_BOUND ( 'NONE', #1193, .T. ) ;
#2265 = AXIS2_PLACEMENT_3D ( 'NONE', #1651, #1251, #2021 ) ;
#2266 = FACE_OUTER_BOUND ( 'NONE', #1939, .T. ) ;
#2267 = VECTOR ( 'NONE', #1089, 1000.000000000000000 ) ;
#2268 = ORIENTED_EDGE ( 'NONE', *, *, #706, .F. ) ;
#2269 = AXIS2_PLACEMENT_3D ( 'NONE', #193, #389, #1687 ) ;
#2270 = DIRECTION ( 'NONE',  ( 1.000000000000000000, 0.000000000000000000, -1.713307136767216850E-16 ) ) ;
#2271 = CARTESIAN_POINT ( 'NONE',  ( 106.0000000000000000, 19.34643937705121530, -59.32204646732241571 ) ) ;
#2272 = EDGE_CURVE ( 'NONE', #1519, #2436, #1236, .T. ) ;
#2273 = ORIENTED_EDGE ( 'NONE', *, *, #825, .T. ) ;
#2274 = ORIENTED_EDGE ( 'NONE', *, *, #487, .F. ) ;
#2275 = CARTESIAN_POINT ( 'NONE',  ( 106.0000000000000000, 65.65356062294907247, -30.67795353267761627 ) ) ;
#2276 = DIRECTION ( 'NONE',  ( 0.000000000000000000, 0.000000000000000000, 1.000000000000000000 ) ) ;
#2277 = CARTESIAN_POINT ( 'NONE',  ( 87.64409174676690384, 33.65612680261466494, -69.71864294445799715 ) ) ;
#2278 = CARTESIAN_POINT ( 'NONE',  ( 70.00000000000000000, 19.34643937705148176, -30.67795353267583991 ) ) ;
#2279 = ORIENTED_EDGE ( 'NONE', *, *, #582, .T. ) ;
#2280 = CARTESIAN_POINT ( 'NONE',  ( 87.64409174676691805, 2.000000000000001776, -2.000000000000001776 ) ) ;
#2281 = CARTESIAN_POINT ( 'NONE',  ( 87.64409174676690384, 51.34387319738516453, -69.71864294445815347 ) ) ;
#2282 = ORIENTED_EDGE ( 'NONE', *, *, #2166, .F. ) ;
#2283 = CARTESIAN_POINT ( 'NONE',  ( 87.64409174676690384, 71.11937485112767376, -47.50000000000000711 ) ) ;
#2284 = ORIENTED_EDGE ( 'NONE', *, *, #1569, .T. ) ;
#2285 = CARTESIAN_POINT ( 'NONE',  ( 83.64409174676691805, 19.34643937705148176, -25.67795353267722547 ) ) ;
#2286 = DIRECTION ( 'NONE',  ( 1.000000000000000000, -0.000000000000000000, -0.000000000000000000 ) ) ;
#2287 = EDGE_CURVE ( 'NONE', #550, #1160, #1293, .T. ) ;
#2288 = FACE_OUTER_BOUND ( 'NONE', #344, .T. ) ;
#2289 = EDGE_CURVE ( 'NONE', #1245, #1830, #1866, .T. ) ;
#2290 = DIRECTION ( 'NONE',  ( 0.000000000000000000, 0.000000000000000000, -1.000000000000000000 ) ) ;
#2291 = VERTEX_POINT ( 'NONE', #375 ) ;
#2292 = LINE ( 'NONE', #256, #1871 ) ;
#2293 = CARTESIAN_POINT ( 'NONE',  ( 83.64409174676690384, 71.11937485112767376, -47.50000000000000711 ) ) ;
#2294 = ORIENTED_EDGE ( 'NONE', *, *, #1358, .T. ) ;
#2295 = ORIENTED_EDGE ( 'NONE', *, *, #1065, .F. ) ;
#2296 = AXIS2_PLACEMENT_3D ( 'NONE', #2368, #317, #1087 ) ;
#2297 = VECTOR ( 'NONE', #744, 1000.000000000000000 ) ;
#2298 = EDGE_LOOP ( 'NONE', ( #2014, #1227, #967, #654 ) ) ;
#2299 = DIRECTION ( 'NONE',  ( 0.000000000000000000, 0.000000000000000000, -1.000000000000000000 ) ) ;
#2300 = LINE ( 'NONE', #54, #2385 ) ;
#2301 = VECTOR ( 'NONE', #790, 1000.000000000000000 ) ;
#2302 = EDGE_CURVE ( 'NONE', #904, #1701, #721, .T. ) ;
#2303 = DIRECTION ( 'NONE',  ( 0.000000000000000000, 0.000000000000000000, -1.000000000000000000 ) ) ;
#2304 = AXIS2_PLACEMENT_3D ( 'NONE', #423, #1905, #1175 ) ;
#2305 = CARTESIAN_POINT ( 'NONE',  ( 0.000000000000000000, 85.00000000000000000, 0.000000000000000000 ) ) ;
#2306 = ORIENTED_EDGE ( 'NONE', *, *, #1022, .T. ) ;
#2307 = CARTESIAN_POINT ( 'NONE',  ( 110.0000000000000000, 65.65356062294907247, -30.67795353267761627 ) ) ;
#2308 = DIRECTION ( 'NONE',  ( 0.000000000000000000, 0.000000000000000000, 1.000000000000000000 ) ) ;
#2309 = VECTOR ( 'NONE', #474, 1000.000000000000000 ) ;
#2310 = AXIS2_PLACEMENT_3D ( 'NONE', #715, #910, #548 ) ;
#2311 = ORIENTED_EDGE ( 'NONE', *, *, #1802, .T. ) ;
#2312 = CARTESIAN_POINT ( 'NONE',  ( 110.0000000000000000, 51.34387319738516453, -74.71864294445781240 ) ) ;
#2313 = ORIENTED_EDGE ( 'NONE', *, *, #1621, .T. ) ;
#2314 = DIRECTION ( 'NONE',  ( -1.000000000000000000, 0.000000000000000000, -0.000000000000000000 ) ) ;
#2315 = CARTESIAN_POINT ( 'NONE',  ( 106.0000000000000000, 51.34387319738516453, -64.71864294445849453 ) ) ;
#2316 = ADVANCED_FACE ( 'NONE', ( #3 ), #2433, .F. ) ;
#2317 = CARTESIAN_POINT ( 'NONE',  ( 70.00000000000000000, 19.34643937705121530, -54.32204646732360231 ) ) ;
#2318 = CARTESIAN_POINT ( 'NONE',  ( 87.64409174676691805, 19.34643937705148176, -20.67795353267861103 ) ) ;
#2319 = FACE_OUTER_BOUND ( 'NONE', #656, .T. ) ;
#2320 = DIRECTION ( 'NONE',  ( -1.713307136767216850E-16, -0.000000000000000000, -1.000000000000000000 ) ) ;
#2321 = EDGE_CURVE ( 'NONE', #142, #1474, #1127, .T. ) ;
#2322 = EDGE_LOOP ( 'NONE', ( #922, #1280 ) ) ;
#2323 = ORIENTED_EDGE ( 'NONE', *, *, #1620, .T. ) ;
#2324 = EDGE_LOOP ( 'NONE', ( #382, #38 ) ) ;
#2325 = LINE ( 'NONE', #393, #884 ) ;
#2326 = CARTESIAN_POINT ( 'NONE',  ( 70.00000000000000000, 33.65612680261510548, -10.28135705554294432 ) ) ;
#2327 = FACE_BOUND ( 'NONE', #113, .T. ) ;
#2328 = DIRECTION ( 'NONE',  ( 0.000000000000000000, -0.000000000000000000, -1.000000000000000000 ) ) ;
#2329 = PLANE ( 'NONE',  #1927 ) ;
#2330 = LINE ( 'NONE', #1465, #1983 ) ;
#2331 = ORIENTED_EDGE ( 'NONE', *, *, #2332, .F. ) ;
#2332 = EDGE_CURVE ( 'NONE', #478, #1221, #565, .T. ) ;
#2333 = DIRECTION ( 'NONE',  ( -1.000000000000000000, -0.000000000000000000, -0.000000000000000000 ) ) ;
#2334 = EDGE_CURVE ( 'NONE', #2252, #467, #808, .T. ) ;
#2335 = ORIENTED_EDGE ( 'NONE', *, *, #265, .F. ) ;
#2336 = DIRECTION ( 'NONE',  ( 0.000000000000000000, 0.000000000000000000, -1.000000000000000000 ) ) ;
#2337 = AXIS2_PLACEMENT_3D ( 'NONE', #1205, #34, #1373 ) ;
#2338 = VECTOR ( 'NONE', #2320, 1000.000000000000000 ) ;
#2339 = AXIS2_PLACEMENT_3D ( 'NONE', #1475, #1509, #2423 ) ;
#2340 = DIRECTION ( 'NONE',  ( -1.000000000000000000, 0.000000000000000000, 1.713307136767216850E-16 ) ) ;
#2341 = CYLINDRICAL_SURFACE ( 'NONE', #1751, 5.000000000000004441 ) ;
#2342 = DIRECTION ( 'NONE',  ( 0.000000000000000000, 0.000000000000000000, 1.000000000000000000 ) ) ;
#2343 = CARTESIAN_POINT ( 'NONE',  ( 83.64409174676690384, 85.00000000000000000, -83.00000000000000000 ) ) ;
#2344 = ORIENTED_EDGE ( 'NONE', *, *, #903, .T. ) ;
#2345 = EDGE_CURVE ( 'NONE', #2411, #611, #1122, .T. ) ;
#2346 = EDGE_CURVE ( 'NONE', #7, #12, #1731, .T. ) ;
#2347 = FACE_OUTER_BOUND ( 'NONE', #497, .T. ) ;
#2348 = APPROVAL ( #274, 'UNSPECIFIED' ) ;
#2349 = AXIS2_PLACEMENT_3D ( 'NONE', #30, #1565, #1958 ) ;
#2350 = ORIENTED_EDGE ( 'NONE', *, *, #175, .T. ) ;
#2351 = FACE_OUTER_BOUND ( 'NONE', #1663, .T. ) ;
#2352 = ORIENTED_EDGE ( 'NONE', *, *, #331, .T. ) ;
#2353 = CARTESIAN_POINT ( 'NONE',  ( 106.0000000000000000, 85.00000000000000000, -2.000000000000000000 ) ) ;
#2354 = CARTESIAN_POINT ( 'NONE',  ( 70.00000000000000000, 19.34643937705148176, -25.67795353267722547 ) ) ;
#2355 = CARTESIAN_POINT ( 'NONE',  ( 106.0000000000000000, 42.50000000000014211, -42.50000000000000711 ) ) ;
#2356 = CARTESIAN_POINT ( 'NONE',  ( 70.00000000000000000, 71.11937485112767376, -47.50000000000000711 ) ) ;
#2357 = ORIENTED_EDGE ( 'NONE', *, *, #998, .T. ) ;
#2358 = DIRECTION ( 'NONE',  ( 0.000000000000000000, 0.000000000000000000, 1.000000000000000000 ) ) ;
#2359 = EDGE_LOOP ( 'NONE', ( #552, #2019 ) ) ;
#2360 = CARTESIAN_POINT ( 'NONE',  ( 57.00000000000001421, 2.000000000000001776, -2.000000000000000000 ) ) ;
#2361 = DATE_TIME_ROLE ( 'creation_date' ) ;
#2362 = VERTEX_POINT ( 'NONE', #2315 ) ;
#2363 = FACE_BOUND ( 'NONE', #1863, .T. ) ;
#2364 = EDGE_CURVE ( 'NONE', #1884, #1221, #607, .T. ) ;
#2365 = PLANE ( 'NONE',  #1477 ) ;
#2366 = DIRECTION ( 'NONE',  ( 1.000000000000000000, 0.000000000000000000, 0.000000000000000000 ) ) ;
#2367 = EDGE_CURVE ( 'NONE', #2179, #1245, #29, .T. ) ;
#2368 = CARTESIAN_POINT ( 'NONE',  ( 70.00000000000000000, 71.11937485112767376, -42.50000000000000711 ) ) ;
#2369 = ORIENTED_EDGE ( 'NONE', *, *, #535, .F. ) ;
#2370 = DIRECTION ( 'NONE',  ( 1.000000000000000000, 0.000000000000000000, 0.000000000000000000 ) ) ;
#2371 = ORIENTED_EDGE ( 'NONE', *, *, #2075, .F. ) ;
#2372 = PERSON_AND_ORGANIZATION ( #1993, #2420 ) ;
#2373 = ORIENTED_EDGE ( 'NONE', *, *, #658, .F. ) ;
#2374 = LINE ( 'NONE', #1213, #1230 ) ;
#2375 = CARTESIAN_POINT ( 'NONE',  ( 57.00000000000000711, 2.000000000000001776, -83.00000000000000000 ) ) ;
#2376 = EDGE_CURVE ( 'NONE', #1648, #1254, #964, .T. ) ;
#2377 = CIRCLE ( 'NONE', #440, 37.50000000000000711 ) ;
#2378 = AXIS2_PLACEMENT_3D ( 'NONE', #2248, #1833, #916 ) ;
#2379 = CARTESIAN_POINT ( 'NONE',  ( 70.00000000000000000, 65.65356062294878825, -59.32204646732279230 ) ) ;
#2380 = LINE ( 'NONE', #2218, #1036 ) ;
#2381 = ORIENTED_EDGE ( 'NONE', *, *, #1153, .F. ) ;
#2382 = CARTESIAN_POINT ( 'NONE',  ( 70.00000000000000000, 71.11937485112767376, -42.50000000000000711 ) ) ;
#2383 = CIRCLE ( 'NONE', #1990, 17.00000000000000000 ) ;
#2384 = ORIENTED_EDGE ( 'NONE', *, *, #1959, .F. ) ;
#2385 = VECTOR ( 'NONE', #421, 1000.000000000000000 ) ;
#2386 = VECTOR ( 'NONE', #310, 1000.000000000000000 ) ;
#2387 = AXIS2_PLACEMENT_3D ( 'NONE', #1848, #575, #159 ) ;
#2388 = ORIENTED_EDGE ( 'NONE', *, *, #615, .F. ) ;
#2389 = DIRECTION ( 'NONE',  ( 0.000000000000000000, 0.000000000000000000, -1.000000000000000000 ) ) ;
#2390 = CARTESIAN_POINT ( 'NONE',  ( 106.0000000000000000, 13.88062514887305987, -42.49999999999976552 ) ) ;
#2391 = DIRECTION ( 'NONE',  ( 1.000000000000000000, -0.000000000000000000, -0.000000000000000000 ) ) ;
#2392 = DIRECTION ( 'NONE',  ( 0.000000000000000000, 0.000000000000000000, 1.000000000000000000 ) ) ;
#2393 = EDGE_LOOP ( 'NONE', ( #1932, #424, #818, #111 ) ) ;
#2394 = DIRECTION ( 'NONE',  ( 0.000000000000000000, 0.000000000000000000, -1.000000000000000000 ) ) ;
#2395 = EDGE_CURVE ( 'NONE', #1914, #43, #2300, .T. ) ;
#2396 = ORIENTED_EDGE ( 'NONE', *, *, #430, .T. ) ;
#2397 = ORIENTED_EDGE ( 'NONE', *, *, #1312, .T. ) ;
#2398 = DIRECTION ( 'NONE',  ( 0.000000000000000000, 0.000000000000000000, 1.000000000000000000 ) ) ;
#2399 = CARTESIAN_POINT ( 'NONE',  ( 57.00000000000001421, 43.61936315012826526, -5.013147440713440872 ) ) ;
#2400 = DIRECTION ( 'NONE',  ( 0.000000000000000000, 0.000000000000000000, 1.000000000000000000 ) ) ;
#2401 = DIRECTION ( 'NONE',  ( 0.000000000000000000, 0.000000000000000000, 1.000000000000000000 ) ) ;
#2402 = VERTEX_POINT ( 'NONE', #2116 ) ;
#2403 = DIRECTION ( 'NONE',  ( 1.000000000000000000, -0.000000000000000000, -0.000000000000000000 ) ) ;
#2404 = FACE_BOUND ( 'NONE', #139, .T. ) ;
#2405 = EDGE_CURVE ( 'NONE', #467, #192, #1368, .T. ) ;
#2406 = EDGE_LOOP ( 'NONE', ( #402, #773, #2233, #750 ) ) ;
#2407 = EDGE_LOOP ( 'NONE', ( #128, #427, #1233, #2381 ) ) ;
#2408 = CARTESIAN_POINT ( 'NONE',  ( 106.0000000000000000, 51.34387319738516453, -74.71864294445781240 ) ) ;
#2409 = DIRECTION ( 'NONE',  ( 0.000000000000000000, 0.000000000000000000, 1.000000000000000000 ) ) ;
#2410 = CARTESIAN_POINT ( 'NONE',  ( 87.64409174676691805, 51.34387319738507216, -20.28135705554222312 ) ) ;
#2411 = VERTEX_POINT ( 'NONE', #781 ) ;
#2412 = LINE ( 'NONE', #727, #1203 ) ;
#2413 = VECTOR ( 'NONE', #1400, 1000.000000000000000 ) ;
#2414 = CYLINDRICAL_SURFACE ( 'NONE', #635, 5.000000000000004441 ) ;
#2415 = ADVANCED_FACE ( 'NONE', ( #40 ), #1575, .F. ) ;
#2416 = EDGE_CURVE ( 'NONE', #43, #1375, #97, .T. ) ;
#2417 = EDGE_LOOP ( 'NONE', ( #1051, #731, #816, #2274 ) ) ;
#2418 = AXIS2_PLACEMENT_3D ( 'NONE', #153, #351, #180 ) ;
#2419 = ADVANCED_FACE ( 'NONE', ( #1016 ), #264, .F. ) ;
#2420 = ORGANIZATION ( 'UNSPECIFIED', 'UNSPECIFIED', '' ) ;
#2421 = ORIENTED_EDGE ( 'NONE', *, *, #488, .T. ) ;
#2422 = CIRCLE ( 'NONE', #1314, 37.50000000000000711 ) ;
#2423 = DIRECTION ( 'NONE',  ( 0.000000000000000000, 0.000000000000000000, -1.000000000000000000 ) ) ;
#2424 = CARTESIAN_POINT ( 'NONE',  ( 110.0000000000000000, 65.65356062294907247, -25.67795353267761982 ) ) ;
#2425 = AXIS2_PLACEMENT_3D ( 'NONE', #1804, #112, #945 ) ;
#2426 = DIRECTION ( 'NONE',  ( 1.000000000000000000, -0.000000000000000000, -0.000000000000000000 ) ) ;
#2427 = ORIENTED_EDGE ( 'NONE', *, *, #1852, .T. ) ;
#2428 = CYLINDRICAL_SURFACE ( 'NONE', #2387, 4.999999999998613553 ) ;
#2429 = DIRECTION ( 'NONE',  ( 0.000000000000000000, 0.000000000000000000, -1.000000000000000000 ) ) ;
#2430 = ORIENTED_EDGE ( 'NONE', *, *, #282, .T. ) ;
#2431 = ORIENTED_EDGE ( 'NONE', *, *, #1460, .F. ) ;
#2432 = CARTESIAN_POINT ( 'NONE',  ( 0.000000000000000000, 85.00000000000000000, -85.00000000000000000 ) ) ;
#2433 = PLANE ( 'NONE',  #1001 ) ;
#2434 = CYLINDRICAL_SURFACE ( 'NONE', #203, 4.999999999998943068 ) ;
#2435 = EDGE_CURVE ( 'NONE', #802, #1098, #1380, .T. ) ;
#2436 = VERTEX_POINT ( 'NONE', #976 ) ;
#2437 = FACE_OUTER_BOUND ( 'NONE', #2114, .T. ) ;
#2438 = CARTESIAN_POINT ( 'NONE',  ( 70.00000000000000000, 51.34387319738507216, -15.28135705554221957 ) ) ;
#2439 = VERTEX_POINT ( 'NONE', #69 ) ;
ENDSEC;
END-ISO-10303-21;
